Ano,Mês,Posição,Música,Artista,Gênero
1928,Junho,1,Carinhoso,Pixinguinha,Choro
1929,Fevereiro,1,Jura,Mário Reis,Samba-canção
1929,Julho,1,Gosto Que Me Enrosco,Mário Reis,Samba
1930,Fevereiro,1,Ta-hí (Pra Você Gostar de Mim),Carmen Miranda,Marchinha
1933,Junho,1,Cidade Maravilhosa,Aurora Miranda & André Filho,Marcha
1935,Fevereiro,1,O Teu Cabelo Não Nega,Castro Barbosa,Marchinha
1937,Agosto,1,Carinhoso (com letra),Orlando Silva,Samba-canção
1938,Junho,1,No Rancho Fundo,Ary Barroso,Samba-canção
1939,Agosto,1,Aquarela do Brasil,Francisco Alves,Samba-exaltação
1940,Outubro,1,O Samba da Minha Terra,Bando da Lua,Samba
1941,Julho,1,"Ai, Que Saudades da Amélia",Ataulfo Alves,Samba
1945,Maio,1,Maria Bethânia,Nelson Gonçalves,Valsa
1947,Junho,1,Asa Branca,Luiz Gonzaga,Baião
1949,Dezembro,1,Não me Diga Adeus,Aracy de Almeida,Samba-canção
1950,Março,1,Brasileirinho,Waldir Azevedo,Choro
1952,Julho,1,Delicado,Waldir Azevedo,Choro
1953,Setembro,1,Risque,Linda Batista,Samba-canção
1956,Agosto,1,"Meu Bem, Meu Mal",Maysa,Samba-canção
1958,Agosto,1,Chega de Saudade,João Gilberto,Bossa Nova
1959,Abril,1,O Barquinho,Maysa,Bossa Nova
1961,Março,1,Trem das Onze,Demônios da Garoa,Samba
1962,Setembro,1,Garota de Ipanema,Pery Ribeiro,Bossa Nova
1965,Maio,1,Quero que Vá Tudo pro Inferno,Roberto Carlos,Jovem Guarda / Rock
1966,Julho,1,A Banda,Nara Leão / Chico Buarque,MPB / Marcha
1967,Outubro,1,"Alegria, Alegria",Caetano Veloso,Tropicália / MPB
1968,Julho,1,Pra Não Dizer Que Não Falei das Flores,Geraldo Vandré,Canção de Protesto
1969,Setembro,1,País Tropical,Wilson Simonal / Jorge Ben,Samba Rock
1970,Junho,1,Pra Frente Brasil,Miguel Gustavo,Hino
1972,Março,1,Águas de Março,Elis Regina & Tom Jobim,MPB / Bossa Nova
1974,Agosto,1,Gostava Tanto de Você,Tim Maia,Soul / MPB
1975,Agosto,1,Feelings,Morris Albert,Soft Rock / MPB
1976,Maio,1,Como Nossos Pais,Elis Regina,MPB
1977,Julho,1,Ovelha Negra,Rita Lee,Rock
1979,Setembro,1,Não se reprima,Menudos,Pop
1982,Maio,1,Menina Veneno,Ritchie,Pop Rock
1983,Junho,1,Vamos à Praia,Johnson & Johnson,New Wave / Pop
1984,Julho,1,Bete Balanço,Barão Vermelho,Rock
1985,Março,1,We Are the World,USA for Africa,Pop / Filantrópica
1985,Setembro,1,Dona,Roupa Nova,Pop Rock
1987,Junho,1,Que País É Este,Legião Urbana,Rock
1989,Abril,1,Bem Que Se Quis,Marisa Monte,MPB / Pop
1990,Agosto,1,Evidências,Chitãozinho & Xororó,Sertanejo
1991,Maio,1,É o Amor,Zezé Di Camargo & Luciano,Sertanejo
1993,Setembro,1,Malandragem,Cássia Eller,Rock / MPB
1994,Outubro,1,Garota Nacional,Skank,Pop Rock
1995,Dezembro,1,Pelados em Santos,Mamonas Assassinas,Rock Cômico
1996,Julho,1,A Estrada,Cidade Negra,Reggae / Pop
1997,Março,1,Proibida pra Mim (Grazon),Charlie Brown Jr.,Skate Punk / Rock
1998,Outubro,1,Sozinho,Caetano Veloso,MPB
1999,Novembro,1,Anna Julia,Los Hermanos,Rock Alternativo
1999,Dezembro,1,Xibom Bombom,As Meninas,Axé
1999,Junho,1,Mulher de Fases,Raimundos,Forrocore / Rock
2024,Janeiro,1,DEJA VU,"Luan Santana, Ana Castela",Sertanejo
2024,Janeiro,2,Macetando,"Ivete Sangalo, LUDMILLA",Axé / Funk
2024,Janeiro,3,Toca o Trompete,Felipe Amorim,Brega Funk
2024,Janeiro,4,Let's Go 4,"MC PH, MC IG, MC Ryan SP, MC Kevin...",Funk
2024,Janeiro,5,Fronteira,"Ana Castela, Gustavo Mioto",Sertanejo
2024,Janeiro,6,POC POC,Pedro Sampaio,Funk
2024,Janeiro,7,Tenho Que Me Decidir,"MC PH, Borges, WIU, Pedro Lotto...",Trap
2024,Janeiro,8,Meio Termo,Luan Santana,Sertanejo
2024,Janeiro,9,Daqui pra Sempre,"Manu, Simone Mendes",Sertanejo
2024,Janeiro,10,Lapada Dela,"Grupo Menos é Mais, Matheus Fernandes",Pagode / Piseiro
2024,Fevereiro,1,Macetando,"Ivete Sangalo, LUDMILLA",Axé / Funk
2024,Fevereiro,2,DEJA VU,"Luan Santana, Ana Castela",Sertanejo
2024,Fevereiro,3,Perna Bamba,"Léo Santana, Parangolé",Axé / Pagodão
2024,Fevereiro,4,Toca o Trompete,Felipe Amorim,Brega Funk
2024,Fevereiro,5,POC POC,Pedro Sampaio,Funk
2024,Fevereiro,6,Fronteira,"Ana Castela, Gustavo Mioto",Sertanejo
2024,Fevereiro,7,Joga pra Lua,"Anitta, DENNIS, Pedro Sampaio",Funk Pop
2024,Fevereiro,8,Let's Go 4,"MC PH, MC IG, MC Ryan SP, MC Kevin...",Funk
2024,Fevereiro,9,Daqui pra Sempre,"Manu, Simone Mendes",Sertanejo
2024,Fevereiro,10,Meio Termo,Luan Santana,Sertanejo
2024,Março,1,Macetando,"Ivete Sangalo, LUDMILLA",Axé / Funk
2024,Março,2,DEJA VU,"Luan Santana, Ana Castela",Sertanejo
2024,Março,3,Perna Bamba,"Léo Santana, Parangolé",Axé / Pagodão
2024,Março,4,Toca o Trompete,Felipe Amorim,Brega Funk
2024,Março,5,POC POC,Pedro Sampaio,Funk
2024,Março,6,Fronteira,"Ana Castela, Gustavo Mioto",Sertanejo
2024,Março,7,Daqui pra Sempre,"Manu, Simone Mendes",Sertanejo
2024,Março,8,Meio Termo,Luan Santana,Sertanejo
2024,Março,9,Dois Tristes,Simone Mendes,Sertanejo
2024,Março,10,Let's Go 4,"MC PH, MC IG, MC Ryan SP, MC Kevin...",Funk
2024,Abril,1,MTG Quem Não Quer Sou Eu,"DJ Topo, Seu Jorge, MC Leozin...",Funk (MTG)
2024,Abril,2,Macetando,"Ivete Sangalo, LUDMILLA",Axé / Funk
2024,Abril,3,DEJA VU,"Luan Santana, Ana Castela",Sertanejo
2024,Abril,4,Perna Bamba,"Léo Santana, Parangolé",Axé / Pagodão
2024,Abril,5,Gosta de Rua,Felipe e Rodrigo,Sertanejo
2024,Abril,6,Lua,"Ana Castela, Alok, Hungria Hip Hop",Sertanejo / Pop
2024,Abril,7,Toca o Trompete,Felipe Amorim,Brega Funk
2024,Abril,8,Aquariano Nato,"MC Saci, Mc Pretchako, DJ Sammer",Funk
2024,Abril,9,Dois Tristes,Simone Mendes,Sertanejo
2024,Abril,10,Fronteira,"Ana Castela, Gustavo Mioto",Sertanejo
2024,Maio,1,MTG Quem Não Quer Sou Eu,"DJ Topo, Seu Jorge, MC Leozin...",Funk (MTG)
2024,Maio,2,Gosta de Rua,Felipe e Rodrigo,Sertanejo
2024,Maio,3,Aquariano Nato,"MC Saci, Mc Pretchako, DJ Sammer",Funk
2024,Maio,4,Entra na Defender,"Luan Pereira, MC Daniel, MC Ryan SP",Sertanejo / Funk
2024,Maio,5,Havelange,"MC Joãozinho VT, MC IG, DJ TIO...",Funk
2024,Maio,6,Ram Tchum,"DENNIS, Ana Castela, MC GW",Eletrônico / Funk
2024,Maio,7,MTG Forró e Desmantelo,"th da serra, hg da serra, Dj Jr...",Funk (MTG) / Forró
2024,Maio,8,Macetando,"Ivete Sangalo, LUDMILLA",Axé / Funk
2024,Maio,9,DEJA VU,"Luan Santana, Ana Castela",Sertanejo
2024,Maio,10,Dois Tristes,Simone Mendes,Sertanejo
2024,Junho,1,Gosta de Rua,Felipe e Rodrigo,Sertanejo
2024,Junho,2,MTG Quem Não Quer Sou Eu,"DJ Topo, Seu Jorge, MC Leozin...",Funk (MTG)
2024,Junho,3,Entra na Defender,"Luan Pereira, MC Daniel, MC Ryan SP",Sertanejo / Funk
2024,Junho,4,Aquariano Nato,"MC Saci, Mc Pretchako, DJ Sammer",Funk
2024,Junho,5,MTG Forró e Desmantelo,"th da serra, hg da serra, Dj Jr...",Funk (MTG) / Forró
2024,Junho,6,Um Mês e Pouco,Zé Neto & Cristiano,Sertanejo
2024,Junho,7,Casca de Bala,Thullio Milionário,Piseiro
2024,Junho,8,Bem Longe de Casa,LUDMILLA,Pagode
2024,Junho,9,Havelange,"MC Joãozinho VT, MC IG, DJ TIO...",Funk
2024,Junho,10,Ram Tchum,"DENNIS, Ana Castela, MC GW",Eletrônico / Funk
2024,Julho,1,Gosta de Rua,Felipe e Rodrigo,Sertanejo
2024,Julho,2,MTG - Louca de Bala,"DJ Samurai, Mc Rodrigo do CN...",Funk (MTG)
2024,Julho,3,Entra na Defender,"Luan Pereira, MC Daniel, MC Ryan SP",Sertanejo / Funk
2024,Julho,4,Um Mês e Pouco,Zé Neto & Cristiano,Sertanejo
2024,Julho,5,MTG Quem Não Quer Sou Eu,"DJ Topo, Seu Jorge, MC Leozin...",Funk (MTG)
2024,Julho,6,Casca de Bala,Thullio Milionário,Piseiro
2024,Julho,7,Aquariano Nato,"MC Saci, Mc Pretchako, DJ Sammer",Funk
2024,Julho,8,MTG Forró e Desmantelo,"th da serra, hg da serra, Dj Jr...",Funk (MTG) / Forró
2024,Julho,9,Coração Bipolar,Mari Fernandez,Piseiro / Sertanejo
2024,Julho,10,Bem Longe de Casa,LUDMILLA,Pagode
2024,Agosto,1,Gosta de Rua,Felipe e Rodrigo,Sertanejo
2024,Agosto,2,MTG - Louca de Bala,"DJ Samurai, Mc Rodrigo do CN...",Funk (MTG)
2024,Agosto,3,Entra na Defender,"Luan Pereira, MC Daniel, MC Ryan SP",Sertanejo / Funk
2024,Agosto,4,Um Mês e Pouco,Zé Neto & Cristiano,Sertanejo
2024,Agosto,5,ROLÉ NA CITY,"Luan Pereira, MC Ryan SP",Sertanejo / Funk
2024,Agosto,6,Casca de Bala,Thullio Milionário,Piseiro
2024,Agosto,7,Você Não Vale Nada,"Japãozin, MC G15",Piseiro / Brega Funk
2024,Agosto,8,Anestesiado,Murilo Huff,Sertanejo
2024,Agosto,9,MTG Forró e Desmantelo,"th da serra, hg da serra, Dj Jr...",Funk (MTG) / Forró
2024,Agosto,10,Aquariano Nato,"MC Saci, Mc Pretchako, DJ Sammer",Funk
2024,Setembro,1,Gosta de Rua,Felipe e Rodrigo,Sertanejo
2024,Setembro,2,Anestesiado,Murilo Huff,Sertanejo
2024,Setembro,3,MTG - Louca de Bala,"DJ Samurai, Mc Rodrigo do CN...",Funk (MTG)
2024,Setembro,4,ROLÉ NA CITY,"Luan Pereira, MC Ryan SP",Sertanejo / Funk
2024,Setembro,5,Um Mês e Pouco,Zé Neto & Cristiano,Sertanejo
2024,Setembro,6,Você Não Vale Nada,"Japãozin, MC G15",Piseiro / Brega Funk
2024,Setembro,7,Coração de Vaqueiro,João Gomes,Piseiro
2024,Setembro,8,Casca de Bala,Thullio Milionário,Piseiro
2024,Setembro,9,Entra na Defender,"Luan Pereira, MC Daniel, MC Ryan SP",Sertanejo / Funk
2024,Setembro,10,Tenho Medo,Zé Vaqueiro,Piseiro
2024,Outubro,1,Anestesiado,Murilo Huff,Sertanejo
2024,Outubro,2,Gosta de Rua,Felipe e Rodrigo,Sertanejo
2024,Outubro,3,ROLÉ NA CITY,"Luan Pereira, MC Ryan SP",Sertanejo / Funk
2024,Outubro,4,"Beijo, Fama e Piseiro",Nattan,Piseiro
2024,Outubro,5,OFFLINE,"Luan Santana, Simone Mendes",Sertanejo
2024,Outubro,6,Você Não Vale Nada,"Japãozin, MC G15",Piseiro / Brega Funk
2024,Outubro,7,MTG - QUANDO A NOITE CAI,"DJ Topo, MC Leozin, MC Gs da Norte...",Funk (MTG)
2024,Outubro,8,Coração de Vaqueiro,João Gomes,Piseiro
2024,Outubro,9,Um Mês e Pouco,Zé Neto & Cristiano,Sertanejo
2024,Outubro,10,MTG - Louca de Bala,"DJ Samurai, Mc Rodrigo do CN...",Funk (MTG)
2024,Novembro,1,OFFLINE,"Luan Santana, Simone Mendes",Sertanejo
2024,Novembro,2,Anestesiado,Murilo Huff,Sertanejo
2024,Novembro,3,"Beijo, Fama e Piseiro",Nattan,Piseiro
2024,Novembro,4,Gosta de Rua,Felipe e Rodrigo,Sertanejo
2024,Novembro,5,ROLÉ NA CITY,"Luan Pereira, MC Ryan SP",Sertanejo / Funk
2024,Novembro,6,MTG - QUANDO A NOITE CAI,"DJ Topo, MC Leozin, MC Gs da Norte...",Funk (MTG)
2024,Novembro,7,CAVALINHO,"LUDMILLA, MC Binn Laden, Apresentadores",Funk
2024,Novembro,8,Você Não Vale Nada,"Japãozin, MC G15",Piseiro / Brega Funk
2024,Novembro,9,Coração de Vaqueiro,João Gomes,Piseiro
2024,Novembro,10,Ela Pirou na Dodge Ram,"Luan Pereira, MC Ryan SP",Sertanejo / Funk
2024,Dezembro,1,OFFLINE,"Luan Santana, Simone Mendes",Sertanejo
2024,Dezembro,2,CAVALINHO,"LUDMILLA, MC Binn Laden, Apresentadores",Funk
2024,Dezembro,3,Ela Pirou na Dodge Ram,"Luan Pereira, MC Ryan SP",Sertanejo / Funk
2024,Dezembro,4,"Beijo, Fama e Piseiro",Nattan,Piseiro
2024,Dezembro,5,Anestesiado,Murilo Huff,Sertanejo
2024,Dezembro,6,Viciou,"Mari Fernandez, Nattan",Piseiro / Sertanejo
2024,Dezembro,7,MTG - QUANDO A NOITE CAI,"DJ Topo, MC Leozin, MC Gs da Norte...",Funk (MTG)
2024,Dezembro,8,ROLÉ NA CITY,"Luan Pereira, MC Ryan SP",Sertanejo / Funk
2024,Dezembro,9,Joga pro Coroa,"MC Pipokinha, DJ Tonias",Funk
2024,Dezembro,10,Gosta de Rua,Felipe e Rodrigo,Sertanejo
2023,Janeiro,1,Leão,Marília Mendonça,Sertanejo
2023,Janeiro,2,Bombonzinho,"Israel & Rodolffo, Ana Castela",Sertanejo
2023,Janeiro,3,Coração de Gelo,WIU,Trap
2023,Janeiro,4,Roça em Mim,"Zé Felipe, Ana Castela, Luan Pereira",Sertanejo / Pop
2023,Janeiro,5,Puta Mexicana,"MC Pelé, DJ Arana, Love Funk",Funk
2023,Janeiro,6,Eu Gosto Assim,"Gustavo Mioto, Mari Fernandez",Sertanejo
2023,Janeiro,7,Haja Colírio,"Guilherme & Benuto, Hugo & Guilherme",Sertanejo
2023,Janeiro,8,Novo Balanço,Veigh,Trap
2023,Janeiro,9,Palhaça,"Naiara Azevedo, Ana Castela",Sertanejo
2023,Janeiro,10,A Culpa é Nossa,Maiara & Maraisa,Sertanejo
2023,Fevereiro,1,Zona de Perigo,Léo Santana,Axé / Pagodão
2023,Fevereiro,2,Leão,Marília Mendonça,Sertanejo
2023,Fevereiro,3,Bombonzinho,"Israel & Rodolffo, Ana Castela",Sertanejo
2023,Fevereiro,4,Haja Colírio,"Guilherme & Benuto, Hugo & Guilherme",Sertanejo
2023,Fevereiro,5,Roça em Mim,"Zé Felipe, Ana Castela, Luan Pereira",Sertanejo / Pop
2023,Fevereiro,6,Lovezinho,Treyce,Pop / Arrocha
2023,Fevereiro,7,Coração Cigano,"Luan Santana, Luísa Sonza",Pop / Sertanejo
2023,Fevereiro,8,A Culpa é Nossa,Maiara & Maraisa,Sertanejo
2023,Fevereiro,9,Erro Gostoso,Simone Mendes,Sertanejo
2023,Fevereiro,10,Novo Balanço,Veigh,Trap
2023,Março,1,Erro Gostoso,Simone Mendes,Sertanejo
2023,Março,2,Leão,Marília Mendonça,Sertanejo
2023,Março,3,Zona de Perigo,Léo Santana,Axé / Pagodão
2023,Março,4,Bombonzinho,"Israel & Rodolffo, Ana Castela",Sertanejo
2023,Março,5,Lovezinho,Treyce,Pop / Arrocha
2023,Março,6,Traumatizei,Henrique & Juliano,Sertanejo
2023,Março,7,A Culpa é Nossa,Maiara & Maraisa,Sertanejo
2023,Março,8,Haja Colírio,"Guilherme & Benuto, Hugo & Guilherme",Sertanejo
2023,Março,9,Namorando ou Não,"Clayton & Romário, Luan Santana",Sertanejo
2023,Março,10,Ballena,"Vulgo FK, MC PH, Veigh",Trap
2023,Abril,1,Erro Gostoso,Simone Mendes,Sertanejo
2023,Abril,2,Nosso Quadro,"Agroplay, Ana Castela",Sertanejo
2023,Abril,3,Leão,Marília Mendonça,Sertanejo
2023,Abril,4,Traumatizei,Henrique & Juliano,Sertanejo
2023,Abril,5,Coração de Gelo,WIU,Trap
2023,Abril,6,Duas,"Dilsinho, LUDMILLA, Mc Chris",Pagode / Funk
2023,Abril,7,Namorando ou Não,"Clayton & Romário, Luan Santana",Sertanejo
2023,Abril,8,Faz um Vuk Vuk (Teto Espelhado),"MC Kevin o Chris, DJ Nk da Serra",Funk
2023,Abril,9,Ballena,"Vulgo FK, MC PH, Veigh",Trap
2023,Abril,10,Lovezinho,Treyce,Pop / Arrocha
2023,Maio,1,Nosso Quadro,"Agroplay, Ana Castela",Sertanejo
2023,Maio,2,Erro Gostoso,Simone Mendes,Sertanejo
2023,Maio,3,Traumatizei,Henrique & Juliano,Sertanejo
2023,Maio,4,Tá OK,"DENNIS, MC Kevin o Chris",Funk
2023,Maio,5,Leão,Marília Mendonça,Sertanejo
2023,Maio,6,Faz um Vuk Vuk (Teto Espelhado),"MC Kevin o Chris, DJ Nk da Serra",Funk
2023,Maio,7,Conexões de Máfia,"Matuê, Rich the Kid",Trap
2023,Maio,8,Solteiro Forçado,Ana Castela,Sertanejo
2023,Maio,9,Insônia,"LUDMILLA, Marília Mendonça",Pagode / Sertanejo
2023,Maio,10,Duas,"Dilsinho, LUDMILLA, Mc Chris",Pagode / Funk
2023,Junho,1,Tá OK,"DENNIS, MC Kevin o Chris",Funk
2023,Junho,2,Nosso Quadro,"Agroplay, Ana Castela",Sertanejo
2023,Junho,3,Solteiro Forçado,Ana Castela,Sertanejo
2023,Junho,4,Erro Gostoso,Simone Mendes,Sertanejo
2023,Junho,5,Conexões de Máfia,"Matuê, Rich the Kid",Trap
2023,Junho,6,Traumatizei,Henrique & Juliano,Sertanejo
2023,Junho,7,Onde Eu Cheguei,MC Cabelinho,Trap
2023,Junho,8,Coração de Gelo,WIU,Trap
2023,Junho,9,Leão,Marília Mendonça,Sertanejo
2023,Junho,10,Insônia,"LUDMILLA, Marília Mendonça",Pagode / Sertanejo
2023,Julho,1,Tá OK,"DENNIS, MC Kevin o Chris",Funk
2023,Julho,2,Novidade na Área,"MC Livinho, DJ Matt D",Funk
2023,Julho,3,Solteiro Forçado,Ana Castela,Sertanejo
2023,Julho,4,Nosso Quadro,"Agroplay, Ana Castela",Sertanejo
2023,Julho,5,Conexões de Máfia,"Matuê, Rich the Kid",Trap
2023,Julho,6,E Aí,"Luan Pereira, MC Daniel",Sertanejo / Funk
2023,Julho,7,Chico,Luísa Sonza,Bossa Nova / Pop
2023,Julho,8,Coração de Gelo,WIU,Trap
2023,Julho,9,Erro Gostoso,Simone Mendes,Sertanejo
2023,Julho,10,Traumatizei,Henrique & Juliano,Sertanejo
2023,Agosto,1,Tá OK,"DENNIS, MC Kevin o Chris",Funk
2023,Agosto,2,Chico,Luísa Sonza,Bossa Nova / Pop
2023,Agosto,3,Penhasco2,"Luísa Sonza, Demi Lovato",Pop
2023,Agosto,4,Solteiro Forçado,Ana Castela,Sertanejo
2023,Agosto,5,Novidade na Área,"MC Livinho, DJ Matt D",Funk
2023,Agosto,6,Dentro da Hilux,"Luan Pereira, MC Daniel, MC Ryan SP",Sertanejo / Funk
2023,Agosto,7,Nosso Quadro,"Agroplay, Ana Castela",Sertanejo
2023,Agosto,8,Canudinho,"Gusttavo Lima, Ana Castela",Sertanejo
2023,Agosto,9,Lua,"Ana Castela, Alok, Hungria Hip Hop",Sertanejo / Pop
2023,Agosto,10,Namora Aí,"MC Ryan SP, MC Daniel",Funk
2023,Setembro,1,Dentro da Hilux,"Luan Pereira, MC Daniel, MC Ryan SP",Sertanejo / Funk
2023,Setembro,2,Canudinho,"Gusttavo Lima, Ana Castela",Sertanejo
2023,Setembro,3,Chico,Luísa Sonza,Bossa Nova / Pop
2023,Setembro,4,Tá OK,"DENNIS, MC Kevin o Chris",Funk
2023,Setembro,5,Solteiro Forçado,Ana Castela,Sertanejo
2023,Setembro,6,Nosso Quadro,"Agroplay, Ana Castela",Sertanejo
2023,Setembro,7,Penhasco2,"Luísa Sonza, Demi Lovato",Pop
2023,Setembro,8,Let's Go 4,"MC PH, MC IG, MC Ryan SP, MC Kevin...",Funk
2023,Setembro,9,Coração de Gelo,WIU,Trap
2023,Setembro,10,Me Lambe,Jão,Pop
2023,Outubro,1,Let's Go 4,"MC PH, MC IG, MC Ryan SP, MC Kevin...",Funk
2023,Outubro,2,Dentro da Hilux,"Luan Pereira, MC Daniel, MC Ryan SP",Sertanejo / Funk
2023,Outubro,3,Canudinho,"Gusttavo Lima, Ana Castela",Sertanejo
2023,Outubro,4,DEJA VU,"Luan Santana, Ana Castela",Sertanejo
2023,Outubro,5,Fazendinha Sessions #5: Pra Sempre,"Fazendinha Sessions, Ana Castela...",Sertanejo
2023,Outubro,6,Tá OK,"DENNIS, MC Kevin o Chris",Funk
2023,Outubro,7,Luar,"MC Paiva, MC Ryan SP, Love Funk",Funk
2023,Outubro,8,Coração de Gelo,WIU,Trap
2023,Outubro,9,Nosso Quadro,"Agroplay, Ana Castela",Sertanejo
2023,Outubro,10,Solteiro Forçado,Ana Castela,Sertanejo
2023,Novembro,1,Let's Go 4,"MC PH, MC IG, MC Ryan SP, MC Kevin...",Funk
2023,Novembro,2,DEJA VU,"Luan Santana, Ana Castela",Sertanejo
2023,Novembro,3,Canudinho,"Gusttavo Lima, Ana Castela",Sertanejo
2023,Novembro,4,Dentro da Hilux,"Luan Pereira, MC Daniel, MC Ryan SP",Sertanejo / Funk
2023,Novembro,5,Luar,"MC Paiva, MC Ryan SP, Love Funk",Funk
2023,Novembro,6,Lapada Dela,"Grupo Menos é Mais, Matheus Fernandes",Pagode / Piseiro
2023,Novembro,7,Poesia Acústica 15,"Pineapple StormTv, Mc Cabelinho...",Rap Acústico
2023,Novembro,8,Tenho Que Me Decidir,"MC PH, Borges, WIU, Pedro Lotto...",Trap
2023,Novembro,9,Toca o Trompete,Felipe Amorim,Brega Funk
2023,Novembro,10,Halo,Veigh,Trap
2023,Dezembro,1,Let's Go 4,"MC PH, MC IG, MC Ryan SP, MC Kevin...",Funk
2023,Dezembro,2,DEJA VU,"Luan Santana, Ana Castela",Sertanejo
2023,Dezembro,3,Toca o Trompete,Felipe Amorim,Brega Funk
2023,Dezembro,4,Lapada Dela,"Grupo Menos é Mais, Matheus Fernandes",Pagode / Piseiro
2023,Dezembro,5,Canudinho,"Gusttavo Lima, Ana Castela",Sertanejo
2023,Dezembro,6,Tenho Que Me Decidir,"MC PH, Borges, WIU, Pedro Lotto...",Trap
2023,Dezembro,7,Dentro da Hilux,"Luan Pereira, MC Daniel, MC Ryan SP",Sertanejo / Funk
2023,Dezembro,8,Meio Termo,Luan Santana,Sertanejo
2023,Dezembro,9,Luar,"MC Paiva, MC Ryan SP, Love Funk",Funk
2023,Dezembro,10,Halo,Veigh,Trap
2022,Janeiro,1,Malvadão 3,"Xamã, Gustah, Neo Beats",Rap/Trap
2022,Janeiro,2,Bloqueado (Ao Vivo),Gusttavo Lima,Sertanejo
2022,Janeiro,3,Vai Lá Em Casa Hoje (Ao Vivo),"George Henrique & Rodrigo, Marília Mendonça",Sertanejo
2022,Janeiro,4,Arranhão (Ao Vivo),Henrique & Juliano,Sertanejo
2022,Janeiro,5,Esqueça-me Se For Capaz,"Marília Mendonça, Maiara & Maraisa",Sertanejo
2022,Janeiro,6,Toma Toma Vapo Vapo,"Zé Felipe, MC Danny",Forró/Funk
2022,Janeiro,7,Coração Cachorro,"Ávine Vinny, Matheus Fernandes",Forró/Piseiro
2022,Janeiro,8,Todo Mundo Menos Você,"Marília Mendonça, Maiara & Maraisa",Sertanejo
2022,Janeiro,9,Ameaça,"Paulo Pires, MC Danny, Marcynho Sensação",Forró/Funk
2022,Janeiro,10,Mal Feito (Ao Vivo),"Hugo & Guilherme, Marília Mendonça",Sertanejo
2022,Fevereiro,1,Bloqueado (Ao Vivo),Gusttavo Lima,Sertanejo
2022,Fevereiro,2,Malvada,Zé Felipe,Forró/Funk
2022,Fevereiro,3,Malvadão 3,"Xamã, Gustah, Neo Beats",Rap/Trap
2022,Fevereiro,4,Mal Feito (Ao Vivo),"Hugo & Guilherme, Marília Mendonça",Sertanejo
2022,Fevereiro,5,Arranhão (Ao Vivo),Henrique & Juliano,Sertanejo
2022,Fevereiro,6,Envolver,Anitta,Pop/Funk
2022,Fevereiro,7,Esqueça-me Se For Capaz,"Marília Mendonça, Maiara & Maraisa",Sertanejo
2022,Fevereiro,8,Dançarina,"Pedro Sampaio, MC Pedrinho",Funk
2022,Fevereiro,9,Toma Toma Vapo Vapo,"Zé Felipe, MC Danny",Forró/Funk
2022,Fevereiro,10,212,"Chefin, Mainstreet",Trap
2022,Março,1,Envolver,Anitta,Pop/Funk
2022,Março,2,Bloqueado (Ao Vivo),Gusttavo Lima,Sertanejo
2022,Março,3,Malvada,Zé Felipe,Forró/Funk
2022,Março,4,Dançarina,"Pedro Sampaio, MC Pedrinho",Funk
2022,Março,5,Mal Feito (Ao Vivo),"Hugo & Guilherme, Marília Mendonça",Sertanejo
2022,Março,6,Abalo Emocional (Ao Vivo),Luan Santana,Sertanejo
2022,Março,7,Vontade de Morder,"Simone & Simaria, Zé Felipe",Sertanejo/Forró
2022,Março,8,sentaDONA (Remix),"Luísa Sonza, Davi Kneip, Mc Frog, DJ Gabriel do Borel",Funk
2022,Março,9,212,"Chefin, Mainstreet",Trap
2022,Março,10,Arranhão (Ao Vivo),Henrique & Juliano,Sertanejo
2022,Abril,1,Envolver,Anitta,Pop/Funk
2022,Abril,2,Abalo Emocional (Ao Vivo),Luan Santana,Sertanejo
2022,Abril,3,Dançarina,"Pedro Sampaio, MC Pedrinho",Funk
2022,Abril,4,Malvada,Zé Felipe,Forró/Funk
2022,Abril,5,Mal Feito (Ao Vivo),"Hugo & Guilherme, Marília Mendonça",Sertanejo
2022,Abril,6,Termina Comigo Antes (Ao Vivo),Gusttavo Lima,Sertanejo
2022,Abril,7,sentaDONA (Remix),"Luísa Sonza, Davi Kneip, Mc Frog, DJ Gabriel do Borel",Funk
2022,Abril,8,ACORDA PEDRINHO,Jovem Dionisio,Indie/Pop
2022,Abril,9,Vontade de Morder,"Simone & Simaria, Zé Felipe",Sertanejo/Forró
2022,Abril,10,Vampiro,"Matuê, WIU, Teto",Trap
2022,Maio,1,Termina Comigo Antes (Ao Vivo),Gusttavo Lima,Sertanejo
2022,Maio,2,ACORDA PEDRINHO,Jovem Dionisio,Indie/Pop
2022,Maio,3,Dançarina,"Pedro Sampaio, MC Pedrinho",Funk
2022,Maio,4,Mal Feito (Ao Vivo),"Hugo & Guilherme, Marília Mendonça",Sertanejo
2022,Maio,5,Vampiro,"Matuê, WIU, Teto",Trap
2022,Maio,6,Balanço da Rede,"Matheus Fernandes, Xand Avião",Forró/Piseiro
2022,Maio,7,Abalo Emocional (Ao Vivo),Luan Santana,Sertanejo
2022,Maio,8,sentaDONA (Remix),"Luísa Sonza, Davi Kneip, Mc Frog, DJ Gabriel do Borel",Funk
2022,Maio,9,Pipoco,"Ana Castela, Melody, DJ Chris no Beat",Agronejo/Funk
2022,Maio,10,Vontade de Morder,"Simone & Simaria, Zé Felipe",Sertanejo/Forró
2022,Junho,1,ACORDA PEDRINHO,Jovem Dionisio,Indie/Pop
2022,Junho,2,Termina Comigo Antes (Ao Vivo),Gusttavo Lima,Sertanejo
2022,Junho,3,Pipoco,"Ana Castela, Melody, DJ Chris no Beat",Agronejo/Funk
2022,Junho,4,Balanço da Rede,"Matheus Fernandes, Xand Avião",Forró/Piseiro
2022,Junho,5,Dançarina,"Pedro Sampaio, MC Pedrinho",Funk
2022,Junho,6,Vampiro,"Matuê, WIU, Teto",Trap
2022,Junho,7,Tchuco Nela,"MC Rogerinho, Wesley Safadão",Bregadeira/Funk
2022,Junho,8,sentaDONA (Remix),"Luísa Sonza, Davi Kneip, Mc Frog, DJ Gabriel do Borel",Funk
2022,Junho,9,No Ouvidinho,Felipe Amorim,Forró/Piseiro
2022,Junho,10,Molhando o Volante,Jorge & Mateus,Sertanejo
2022,Julho,1,Pipoco,"Ana Castela, Melody, DJ Chris no Beat",Agronejo/Funk
2022,Julho,2,Termina Comigo Antes (Ao Vivo),Gusttavo Lima,Sertanejo
2022,Julho,3,Balanço da Rede,"Matheus Fernandes, Xand Avião",Forró/Piseiro
2022,Julho,4,ACORDA PEDRINHO,Jovem Dionisio,Indie/Pop
2022,Julho,5,Dengo,João Gomes,Piseiro
2022,Julho,6,Vampiro,"Matuê, WIU, Teto",Trap
2022,Julho,7,Tchuco Nela,"MC Rogerinho, Wesley Safadão",Bregadeira/Funk
2022,Julho,8,CACHORRINHAS,Luísa Sonza,Pop/Funk
2022,Julho,9,Comunicação Falhou (Ao Vivo),"Mari Fernandez, Nattan",Forró/Piseiro
2022,Julho,10,Erro Planejado (Ao Vivo),"Luan Santana, Henrique & Juliano",Sertanejo
2022,Agosto,1,Pipoco,"Ana Castela, Melody, DJ Chris no Beat",Agronejo/Funk
2022,Agosto,2,Termina Comigo Antes (Ao Vivo),Gusttavo Lima,Sertanejo
2022,Agosto,3,Comunicação Falhou (Ao Vivo),"Mari Fernandez, Nattan",Forró/Piseiro
2022,Agosto,4,Balanço da Rede,"Matheus Fernandes, Xand Avião",Forró/Piseiro
2022,Agosto,5,Dengo,João Gomes,Piseiro
2022,Agosto,6,CACHORRINHAS,Luísa Sonza,Pop/Funk
2022,Agosto,7,Eu Gosto Assim (Ao Vivo),"Gustavo Mioto, Mari Fernandez",Sertanejo/Forró
2022,Agosto,8,Seu Perfil (Ao Vivo),Henrique & Juliano,Sertanejo
2022,Agosto,9,Tchuco Nela,"MC Rogerinho, Wesley Safadão",Bregadeira/Funk
2022,Agosto,10,Coração Cigano (Ao Vivo),"Luan Santana, Luísa Sonza",Pop/Sertanejo
2022,Setembro,1,Pipoco,"Ana Castela, Melody, DJ Chris no Beat",Agronejo/Funk
2022,Setembro,2,Eu Gosto Assim (Ao Vivo),"Gustavo Mioto, Mari Fernandez",Sertanejo/Forró
2022,Setembro,3,Comunicação Falhou (Ao Vivo),"Mari Fernandez, Nattan",Forró/Piseiro
2022,Setembro,4,Termina Comigo Antes (Ao Vivo),Gusttavo Lima,Sertanejo
2022,Setembro,5,Coração Cigano (Ao Vivo),"Luan Santana, Luísa Sonza",Pop/Sertanejo
2022,Setembro,6,Balanço da Rede,"Matheus Fernandes, Xand Avião",Forró/Piseiro
2022,Setembro,7,Dengo,João Gomes,Piseiro
2022,Setembro,8,Seu Perfil (Ao Vivo),Henrique & Juliano,Sertanejo
2022,Setembro,9,Bombonzinho (Ao Vivo),"Israel & Rodolffo, Ana Castela",Sertanejo
2022,Setembro,10,CACHORRINHAS,Luísa Sonza,Pop/Funk
2022,Outubro,1,Eu Gosto Assim (Ao Vivo),"Gustavo Mioto, Mari Fernandez",Sertanejo/Forró
2022,Outubro,2,Pipoco,"Ana Castela, Melody, DJ Chris no Beat",Agronejo/Funk
2022,Outubro,3,Bombonzinho (Ao Vivo),"Israel & Rodolffo, Ana Castela",Sertanejo
2022,Outubro,4,Comunicação Falhou (Ao Vivo),"Mari Fernandez, Nattan",Forró/Piseiro
2022,Outubro,5,Coração Cigano (Ao Vivo),"Luan Santana, Luísa Sonza",Pop/Sertanejo
2022,Outubro,6,Seu Perfil (Ao Vivo),Henrique & Juliano,Sertanejo
2022,Outubro,7,Palhaça (Ao Vivo),"Naiara Azevedo, Ana Castela",Sertanejo
2022,Outubro,8,Haja Colírio (Ao Vivo),"Guilherme & Benuto, Hugo & Guilherme",Sertanejo
2022,Outubro,9,Botadinha Saliente,MC Rogerinho,Forró/Funk
2022,Outubro,10,Termina Comigo Antes (Ao Vivo),Gusttavo Lima,Sertanejo
2022,Novembro,1,Eu Gosto Assim (Ao Vivo),"Gustavo Mioto, Mari Fernandez",Sertanejo/Forró
2022,Novembro,2,Bombonzinho (Ao Vivo),"Israel & Rodolffo, Ana Castela",Sertanejo
2022,Novembro,3,Pipoco,"Ana Castela, Melody, DJ Chris no Beat",Agronejo/Funk
2022,Novembro,4,Haja Colírio (Ao Vivo),"Guilherme & Benuto, Hugo & Guilherme",Sertanejo
2022,Novembro,5,Comunicação Falhou (Ao Vivo),"Mari Fernandez, Nattan",Forró/Piseiro
2022,Novembro,6,Mal Feito (Ao Vivo),"Hugo & Guilherme, Marília Mendonça",Sertanejo
2022,Novembro,7,Malvadão 3,"Xamã, Gustah, Neo Beats",Rap/Trap
2022,Novembro,8,Coração Cigano (Ao Vivo),"Luan Santana, Luísa Sonza",Pop/Sertanejo
2022,Novembro,9,Palhaça (Ao Vivo),"Naiara Azevedo, Ana Castela",Sertanejo
2022,Novembro,10,Leão,Marília Mendonça,Sertanejo
2022,Dezembro,1,Malvada,Zé Felipe,Forró/Funk
2022,Dezembro,2,Mal Feito (Ao Vivo),"Hugo & Guilherme, Marília Mendonça",Sertanejo
2022,Dezembro,3,Termina Comigo Antes (Ao Vivo),Gusttavo Lima,Sertanejo
2022,Dezembro,4,Pipoco,"Ana Castela, Melody, DJ Chris no Beat",Agronejo/Funk
2022,Dezembro,5,Malvadão 3,"Xamã, Gustah, Neo Beats",Rap/Trap
2022,Dezembro,6,Bombonzinho (Ao Vivo),"Israel & Rodolffo, Ana Castela",Sertanejo
2022,Dezembro,7,Eu Gosto Assim (Ao Vivo),"Gustavo Mioto, Mari Fernandez",Sertanejo/Forró
2022,Dezembro,8,Dançarina,"Pedro Sampaio, MC Pedrinho",Funk
2022,Dezembro,9,Balanço da Rede,"Matheus Fernandes, Xand Avião",Forró/Piseiro
2022,Dezembro,10,Vontade de Morder,"Simone & Simaria, Zé Felipe",Sertanejo/Forró
2021,Janeiro,1,Recairei (Ao Vivo),Os Barões da Pisadinha,Forró/Piseiro
2021,Janeiro,2,Facas (Ao Vivo),"Diego & Victor Hugo, Bruno & Marrone",Sertanejo
2021,Janeiro,3,Lance Individual,Jorge & Mateus,Sertanejo
2021,Janeiro,4,MODO TURBO,"Luísa Sonza, Pabllo Vittar, Anitta",Pop/Funk
2021,Janeiro,5,Blinding Lights,The Weeknd,Pop/Synthwave
2021,Janeiro,6,Pulei na Piscina (Ao Vivo),Guilherme & Benuto,Sertanejo
2021,Janeiro,7,positions,Ariana Grande,Pop/R&B
2021,Janeiro,8,Basta Você Me Ligar (Ao Vivo),"Os Barões da Pisadinha, Xand Avião",Forró/Piseiro
2021,Janeiro,9,Don't Start Now,Dua Lipa,Pop/Disco
2021,Janeiro,10,Watermelon Sugar,Harry Styles,Pop/Rock
2021,Fevereiro,1,Batom de Cereja (Ao Vivo),Israel & Rodolffo,Sertanejo/Pisadinha
2021,Fevereiro,2,Facas (Ao Vivo),"Diego & Victor Hugo, Bruno & Marrone",Sertanejo
2021,Fevereiro,3,Rita,Tierry,Sertanejo/Arrocha
2021,Fevereiro,4,Recairei (Ao Vivo),Os Barões da Pisadinha,Forró/Piseiro
2021,Fevereiro,5,"Ele é Ele, Eu Sou Eu","Wesley Safadão, Os Barões da Pisadinha",Forró Eletrônico
2021,Fevereiro,6,Café e Amor,Gusttavo Lima,Sertanejo
2021,Fevereiro,7,Pulei na Piscina (Ao Vivo),Guilherme & Benuto,Sertanejo
2021,Fevereiro,8,Blinding Lights,The Weeknd,Pop/Synthwave
2021,Fevereiro,9,Amor ou o Litrão,"Mila, Menor Nico, Petter Ferraz",Funk/Brega Funk
2021,Fevereiro,10,positions,Ariana Grande,Pop/R&B
2021,Março,1,Amores E Flores,Melim,Pop
2021,Março,2,"Ele é Ele, Eu Sou Eu","Wesley Safadão, Os Barões da Pisadinha",Forró Eletrônico
2021,Março,3,positions,Ariana Grande,Pop/R&B
2021,Março,4,Rita,Tierry,Sertanejo/Arrocha
2021,Março,5,Era Uma Vez,Thiaguinho,Pagode
2021,Março,6,Café e Amor,Gusttavo Lima,Sertanejo
2021,Março,7,Facas (Ao Vivo),"Diego & Victor Hugo, Bruno & Marrone",Sertanejo
2021,Março,8,Eu Não Sou de Me Entregar,Ferrugem,Pagode
2021,Março,9,Me Gusta,"Anitta, Cardi B, Myke Towers",Pop/Funk
2021,Março,10,Mood,"24kGoldn, Iann Dior",Hip-Hop/Pop Rap
2021,Abril,1,Batom de Cereja (Ao Vivo),Israel & Rodolffo,Sertanejo/Pisadinha
2021,Abril,2,Facas (Ao Vivo),"Diego & Victor Hugo, Bruno & Marrone",Sertanejo
2021,Abril,3,Sigilo,Guilherme & Benuto,Sertanejo
2021,Abril,4,Despedida de Casal,Gustavo Mioto,Sertanejo
2021,Abril,5,Ficha Limpa,Gusttavo Lima,Sertanejo
2021,Abril,6,Último Beijo,"Bruno & Marrone, Wesley Safadão",Sertanejo
2021,Abril,7,Eu Topo,Sorriso Maroto,Pagode
2021,Abril,8,"Ele é Ele, Eu Sou Eu","Wesley Safadão, Os Barões da Pisadinha",Forró Eletrônico
2021,Abril,9,Vou Ver e Te Aviso,Pixote,Pagode
2021,Abril,10,Café e Amor,Gusttavo Lima,Sertanejo
2021,Maio,1,Batom de Cereja (Ao Vivo),Israel & Rodolffo,Sertanejo/Pisadinha
2021,Maio,2,Facas (Ao Vivo),"Diego & Victor Hugo, Bruno & Marrone",Sertanejo
2021,Maio,3,Sigilo,Guilherme & Benuto,Sertanejo
2021,Maio,4,"Ele é Ele, Eu Sou Eu","Wesley Safadão, Os Barões da Pisadinha",Forró Eletrônico
2021,Maio,5,Despedida de Casal,Gustavo Mioto,Sertanejo
2021,Maio,6,good 4 u,Olivia Rodrigo,Pop/Rock
2021,Maio,7,Ficha Limpa,Gusttavo Lima,Sertanejo
2021,Maio,8,Baby Me Atende,"Matheus Fernandes, Dilsinho",Forró/Piseiro
2021,Maio,9,"Volta Bebê, Volta Neném","DJ Guuga, DJ Ivis",Forró/Funk
2021,Maio,10,Morena,Luan Santana,Sertanejo/Bachata
2021,Junho,1,Batom de Cereja (Ao Vivo),Israel & Rodolffo,Sertanejo/Pisadinha
2021,Junho,2,Facas (Ao Vivo),"Diego & Victor Hugo, Bruno & Marrone",Sertanejo
2021,Junho,3,Ficha Limpa,Gusttavo Lima,Sertanejo
2021,Junho,4,Morena,Luan Santana,Sertanejo/Bachata
2021,Junho,5,Despedida de Casal,Gustavo Mioto,Sertanejo
2021,Junho,6,Sigilo,Guilherme & Benuto,Sertanejo
2021,Junho,7,"Volta Bebê, Volta Neném","DJ Guuga, DJ Ivis",Forró/Funk
2021,Junho,8,Baby Me Atende,"Matheus Fernandes, Dilsinho",Forró/Piseiro
2021,Junho,9,Coração na Cama,Hugo & Guilherme,Sertanejo
2021,Junho,10,Último Beijo,"Bruno & Marrone, Wesley Safadão",Sertanejo
2021,Julho,1,Ficha Limpa,Gusttavo Lima,Sertanejo
2021,Julho,2,Batom de Cereja (Ao Vivo),Israel & Rodolffo,Sertanejo/Pisadinha
2021,Julho,3,Morena,Luan Santana,Sertanejo/Bachata
2021,Julho,4,Facas (Ao Vivo),"Diego & Victor Hugo, Bruno & Marrone",Sertanejo
2021,Julho,5,Despedida de Casal,Gustavo Mioto,Sertanejo
2021,Julho,6,Sigilo,Guilherme & Benuto,Sertanejo
2021,Julho,7,Desbloqueado,Diego & Victor Hugo,Sertanejo
2021,Julho,8,Baby Me Atende,"Matheus Fernandes, Dilsinho",Forró/Piseiro
2021,Julho,9,Arranhão,Henrique & Juliano,Sertanejo
2021,Julho,10,Coração na Cama,Hugo & Guilherme,Sertanejo
2021,Agosto,1,Meu Pedaço de Pecado,João Gomes,Forró/Piseiro
2021,Agosto,2,Morena,Luan Santana,Sertanejo/Bachata
2021,Agosto,3,Ficha Limpa,Gusttavo Lima,Sertanejo
2021,Agosto,4,Baby Me Atende,"Matheus Fernandes, Dilsinho",Forró/Piseiro
2021,Agosto,5,STAY,"The Kid LAROI, Justin Bieber",Pop/Synth-pop
2021,Agosto,6,Arranhão,Henrique & Juliano,Sertanejo
2021,Agosto,7,Desbloqueado,Diego & Victor Hugo,Sertanejo
2021,Agosto,8,MONTERO (Call Me By Your Name),Lil Nas X,Pop/Hip-Hop
2021,Agosto,9,good 4 u,Olivia Rodrigo,Pop/Rock
2021,Agosto,10,Batom de Cereja (Ao Vivo),Israel & Rodolffo,Sertanejo/Pisadinha
2021,Setembro,1,Ficha Limpa,Gusttavo Lima,Sertanejo
2021,Setembro,2,Morena,Luan Santana,Sertanejo/Bachata
2021,Setembro,3,Meu Pedaço de Pecado,João Gomes,Forró/Piseiro
2021,Setembro,4,Baby Me Atende,"Matheus Fernandes, Dilsinho",Forró/Piseiro
2021,Setembro,5,Desbloqueado,Diego & Victor Hugo,Sertanejo
2021,Setembro,6,Arranhão,Henrique & Juliano,Sertanejo
2021,Setembro,7,Sigilo,Guilherme & Benuto,Sertanejo
2021,Setembro,8,Moça do Caixa,Raffa Torres,Sertanejo
2021,Setembro,9,Último Beijo,"Bruno & Marrone, Wesley Safadão",Sertanejo
2021,Setembro,10,Você Beberia ou Não Beberia?,Zé Neto & Cristiano,Sertanejo
2021,Outubro,1,A Queda,Gloria Groove,Pop
2021,Outubro,2,Coração Cachorro,"Ávine Vinny, Matheus Fernandes",Forró Eletrônico
2021,Outubro,3,Vai Lá Em Casa Hoje,"George Henrique & Rodrigo, Marília Mendonça",Sertanejo
2021,Outubro,4,Ameaça,"Paulo Pires, MC Danny, Marcynho Sensação",Forró/Brega Funk
2021,Outubro,5,Arranhão,Henrique & Juliano,Sertanejo
2021,Outubro,6,Meu Pedaço de Pecado,João Gomes,Forró/Piseiro
2021,Outubro,7,Morena,Luan Santana,Sertanejo/Bachata
2021,Outubro,8,Não Parei de Sofrer,Gustavo Mioto,Sertanejo
2021,Outubro,9,Ficha Limpa,Gusttavo Lima,Sertanejo
2021,Outubro,10,drivers license,Olivia Rodrigo,Pop
2021,Novembro,1,Esqueça-Me Se For Capaz,"Marília Mendonça, Maiara & Maraisa",Sertanejo
2021,Novembro,2,Coração Cachorro,"Ávine Vinny, Matheus Fernandes",Forró Eletrônico
2021,Novembro,3,A Queda,Gloria Groove,Pop
2021,Novembro,4,Arranhão,Henrique & Juliano,Sertanejo
2021,Novembro,5,Vai Lá Em Casa Hoje,"George Henrique & Rodrigo, Marília Mendonça",Sertanejo
2021,Novembro,6,Morena,Luan Santana,Sertanejo/Bachata
2021,Novembro,7,Meu Pedaço de Pecado,João Gomes,Forró/Piseiro
2021,Novembro,8,Não Parei de Sofrer,Gustavo Mioto,Sertanejo
2021,Novembro,9,Aquelas Coisas,João Gomes,Forró/Piseiro
2021,Novembro,10,Batom de Cereja (Ao Vivo),Israel & Rodolffo,Sertanejo/Pisadinha
2021,Dezembro,1,Coração Cachorro,"Ávine Vinny, Matheus Fernandes",Forró Eletrônico
2021,Dezembro,2,Esqueça-Me Se For Capaz,"Marília Mendonça, Maiara & Maraisa",Sertanejo
2021,Dezembro,3,A Queda,Gloria Groove,Pop
2021,Dezembro,4,Arranhão,Henrique & Juliano,Sertanejo
2021,Dezembro,5,Meu Pedaço de Pecado,João Gomes,Forró/Piseiro
2021,Dezembro,6,Vai Lá Em Casa Hoje,"George Henrique & Rodrigo, Marília Mendonça",Sertanejo
2021,Dezembro,7,Batom de Cereja (Ao Vivo),Israel & Rodolffo,Sertanejo/Pisadinha
2021,Dezembro,8,Morena,Luan Santana,Sertanejo/Bachata
2021,Dezembro,9,Não Parei de Sofrer,Gustavo Mioto,Sertanejo
2021,Dezembro,10,Aquelas Coisas,João Gomes,Forró/Piseiro
2020,Janeiro,1,Liberdade Provisória,Henrique & Juliano,Sertanejo
2020,Janeiro,2,Aí Eu Bebo,Maiara & Maraisa,Sertanejo
2020,Janeiro,3,A Gente Fez Amor,Gusttavo Lima,Sertanejo / Bachata
2020,Janeiro,4,Bebi Minha Bicicleta,Zé Neto & Cristiano,Sertanejo
2020,Janeiro,5,Combatchy,"Anitta, Lexa, Luísa Sonza & MC Rebecca",Funk / Pop
2020,Janeiro,6,Don't Start Now,Dua Lipa,Pop / Disco
2020,Janeiro,7,Surtada (Remix),"Dadá Boladão, Tati Zaqui & OIK",Brega Funk
2020,Janeiro,8,Dance Monkey,Tones and I,Pop
2020,Janeiro,9,SENTADÃO,"Felipe Original, JS o Mão de Ouro & Pedro Sampaio",Brega Funk
2020,Janeiro,10,Cheirosa,Jorge & Mateus,Sertanejo / Bachata
2020,Fevereiro,1,Tudo OK,"Thiaguinho MT, Mila & JS o Mão de Ouro",Brega Funk
2020,Fevereiro,2,Liberdade Provisória,Henrique & Juliano,Sertanejo
2020,Fevereiro,3,SENTADÃO,"Felipe Original, JS o Mão de Ouro & Pedro Sampaio",Brega Funk
2020,Fevereiro,4,Vem Me Satisfazer,DJ Henrique da VK & MC Ingryd,Funk
2020,Fevereiro,5,Combatchy,"Anitta, Lexa, Luísa Sonza & MC Rebecca",Funk / Pop
2020,Fevereiro,6,A Gente Fez Amor,Gusttavo Lima,Sertanejo / Bachata
2020,Fevereiro,7,Surtada (Remix),"Dadá Boladão, OIK & Tati Zaqui",Brega Funk
2020,Fevereiro,8,Graveto,Marília Mendonça,Sertanejo / Sofrência
2020,Fevereiro,9,S de Saudade,Luíza & Maurílio part. Zé Neto & Cristiano,Sertanejo
2020,Fevereiro,10,Rave de Favela,"Anitta, MC Lan & Major Lazer",Funk / Eletrônica
2020,Março,1,Liberdade Provisória,Henrique & Juliano,Sertanejo
2020,Março,2,A Gente Fez Amor,Gusttavo Lima,Sertanejo / Bachata
2020,Março,3,Graveto,Marília Mendonça,Sertanejo / Sofrência
2020,Março,4,Com ou Sem Mim,Gustavo Mioto,Sertanejo / Pop
2020,Março,5,S de Saudade,Luíza & Maurílio part. Zé Neto & Cristiano,Sertanejo
2020,Março,6,Don't Start Now,Dua Lipa,Pop / Disco
2020,Março,7,Dance Monkey,Tones and I,Pop
2020,Março,8,Braba,Luísa Sonza,Pop / Funk
2020,Março,9,Cheirosa,Jorge & Mateus,Sertanejo / Bachata
2020,Março,10,SENTADÃO,"Felipe Original, JS o Mão de Ouro & Pedro Sampaio",Brega Funk
2020,Abril,1,Liberdade Provisória,Henrique & Juliano,Sertanejo
2020,Abril,2,A Gente Fez Amor,Gusttavo Lima,Sertanejo / Bachata
2020,Abril,3,Graveto,Marília Mendonça,Sertanejo / Sofrência
2020,Abril,4,Com ou Sem Mim,Gustavo Mioto,Sertanejo / Pop
2020,Abril,5,Oh Juliana,MC Niack,Funk
2020,Abril,6,S de Saudade,Luíza & Maurílio part. Zé Neto & Cristiano,Sertanejo
2020,Abril,7,Don't Start Now,Dua Lipa,Pop / Disco
2020,Abril,8,Dance Monkey,Tones and I,Pop
2020,Abril,9,Braba,Luísa Sonza,Pop / Funk
2020,Abril,10,Romance Proibido,MC Kevin o Chris,Funk 150 BPM
2020,Maio,1,Liberdade Provisória,Henrique & Juliano,Sertanejo
2020,Maio,2,Oh Juliana,MC Niack,Funk
2020,Maio,3,A Gente Fez Amor,Gusttavo Lima,Sertanejo / Bachata
2020,Maio,4,Graveto,Marília Mendonça,Sertanejo / Sofrência
2020,Maio,5,Com ou Sem Mim,Gustavo Mioto,Sertanejo / Pop
2020,Maio,6,Barzinho Aleatório,Zé Neto & Cristiano,Sertanejo
2020,Maio,7,Don't Start Now,Dua Lipa,Pop / Disco
2020,Maio,8,Dance Monkey,Tones and I,Pop
2020,Maio,9,menina solta,GIULIA BE,Pop
2020,Maio,10,S de Saudade,Luíza & Maurílio part. Zé Neto & Cristiano,Sertanejo
2020,Junho,1,Na Raba Toma Tapão,MC Niack,Funk
2020,Junho,2,Liberdade Provisória,Henrique & Juliano,Sertanejo
2020,Junho,3,A Gente Fez Amor,Gusttavo Lima,Sertanejo / Bachata
2020,Junho,4,Desce pro Play (Pa Pa Pa),"MC Zaac, Anitta & Tyga",Funk / Hip-Hop
2020,Junho,5,Flores,Luísa Sonza & Vitão,Pop / R&B
2020,Junho,6,Graveto,Marília Mendonça,Sertanejo / Sofrência
2020,Junho,7,Com ou Sem Mim,Gustavo Mioto,Sertanejo / Pop
2020,Junho,8,Oh Juliana,MC Niack,Funk
2020,Junho,9,Don't Start Now,Dua Lipa,Pop / Disco
2020,Junho,10,Blinding Lights,The Weeknd,Pop / Synth-pop
2020,Julho,1,Na Raba Toma Tapão,MC Niack,Funk
2020,Julho,2,Asas,Luan Santana,Pop / Sertanejo
2020,Julho,3,A Vida é Um Rio,Raffa Torres,Sertanejo
2020,Julho,4,Desce pro Play (Pa Pa Pa),"MC Zaac, Anitta & Tyga",Funk / Hip-Hop
2020,Julho,5,Flores,Luísa Sonza & Vitão,Pop / R&B
2020,Julho,6,Liberdade Provisória,Henrique & Juliano,Sertanejo
2020,Julho,7,A Gente Fez Amor,Gusttavo Lima,Sertanejo / Bachata
2020,Julho,8,Blinding Lights,The Weeknd,Pop / Synth-pop
2020,Julho,9,Com ou Sem Mim,Gustavo Mioto,Sertanejo / Pop
2020,Julho,10,Graveto,Marília Mendonça,Sertanejo / Sofrência
2020,Agosto,1,Na Raba Toma Tapão,MC Niack,Funk
2020,Agosto,2,Investe em Mim,Jonas Esticado,Forró / Sertanejo
2020,Agosto,3,Asas,Luan Santana,Pop / Sertanejo
2020,Agosto,4,Desce pro Play (Pa Pa Pa),"MC Zaac, Anitta & Tyga",Funk / Hip-Hop
2020,Agosto,5,Liberdade Provisória,Henrique & Juliano,Sertanejo
2020,Agosto,6,Blinding Lights,The Weeknd,Pop / Synth-pop
2020,Agosto,7,Flores,Luísa Sonza & Vitão,Pop / R&B
2020,Agosto,8,A Gente Fez Amor,Gusttavo Lima,Sertanejo / Bachata
2020,Agosto,9,A Vida é Um Rio,Raffa Torres,Sertanejo
2020,Agosto,10,menina solta,GIULIA BE,Pop
2020,Setembro,1,Recairei,Os Barões da Pisadinha,Pisadinha / Forró
2020,Setembro,2,Investe em Mim,Jonas Esticado,Forró / Sertanejo
2020,Setembro,3,Na Raba Toma Tapão,MC Niack,Funk
2020,Setembro,4,Blinding Lights,The Weeknd,Pop / Synth-pop
2020,Setembro,5,Asas,Luan Santana,Pop / Sertanejo
2020,Setembro,6,Desce pro Play (Pa Pa Pa),"MC Zaac, Anitta & Tyga",Funk / Hip-Hop
2020,Setembro,7,Ferida Curada,Henrique & Juliano,Sertanejo
2020,Setembro,8,Flores,Luísa Sonza & Vitão,Pop / R&B
2020,Setembro,9,Pulei na Piscina,Guilherme & Benuto,Sertanejo
2020,Setembro,10,Watermelon Sugar,Harry Styles,Pop / Rock
2020,Outubro,1,Recairei,Os Barões da Pisadinha,Pisadinha / Forró
2020,Outubro,2,Investe em Mim,Jonas Esticado,Forró / Sertanejo
2020,Outubro,3,Rita,Tierry,Sertanejo / Arrocha
2020,Outubro,4,Blinding Lights,The Weeknd,Pop / Synth-pop
2020,Outubro,5,Volta por Baixo,Henrique & Juliano,Sertanejo
2020,Outubro,6,Litrão,Matheus & Kauan,Sertanejo
2020,Outubro,7,Me Gusta,"Anitta, Myke Towers & Cardi B",Pop / Funk
2020,Outubro,8,Watermelon Sugar,Harry Styles,Pop / Rock
2020,Outubro,9,Bebaça,Zé Neto & Cristiano,Sertanejo
2020,Outubro,10,Bipolar,"MC Don Juan, MC Davi & MC Ryan SP",Funk
2020,Novembro,1,Recairei,Os Barões da Pisadinha,Pisadinha / Forró
2020,Novembro,2,Investe em Mim,Jonas Esticado,Forró / Sertanejo
2020,Novembro,3,Rita,Tierry,Sertanejo / Arrocha
2020,Novembro,4,Blinding Lights,The Weeknd,Pop / Synth-pop
2020,Novembro,5,Litrão,Matheus & Kauan,Sertanejo
2020,Novembro,6,Só Tem Eu,Zé Felipe & Virgínia,Sertanejo / Pisadinha
2020,Novembro,7,Bipolar,"MC Don Juan, MC Davi & MC Ryan SP",Funk
2020,Novembro,8,Watermelon Sugar,Harry Styles,Pop / Rock
2020,Novembro,9,Amor ou o Litrão,Menor Nico e Petter Ferraz,Brega Funk
2020,Novembro,10,Volta por Baixo,Henrique & Juliano,Sertanejo
2020,Dezembro,1,Recairei,Os Barões da Pisadinha,Pisadinha / Forró
2020,Dezembro,2,Rita,Tierry,Sertanejo / Arrocha
2020,Dezembro,3,Investe em Mim,Jonas Esticado,Forró / Sertanejo
2020,Dezembro,4,Modo Turbo,"Luísa Sonza, Pabllo Vittar & Anitta",Pop / Funk
2020,Dezembro,5,Blinding Lights,The Weeknd,Pop / Synth-pop
2020,Dezembro,6,Só Tem Eu,Zé Felipe & Virgínia,Sertanejo / Pisadinha
2020,Dezembro,7,Litrão,Matheus & Kauan,Sertanejo
2020,Dezembro,8,Amor ou o Litrão,Menor Nico e Petter Ferraz,Brega Funk
2020,Dezembro,9,Watermelon Sugar,Harry Styles,Pop / Rock
2020,Dezembro,10,Faz Amor Comigo Só Hoje,Israel & Rodolffo,Sertanejo
2019,Janeiro,1,"Felipe Araújo, Ferrugem",Atrasadinha,Pagode / Sertanejo
2019,Janeiro,2,Gabriel Diniz,Jenifer,Forró
2019,Janeiro,3,Zé Neto & Cristiano,Notificação Preferida,Sertanejo
2019,Janeiro,4,Marília Mendonça,Ciumeira,Sertanejo
2019,Janeiro,5,"MC Kevinho, Dennis DJ",Agora é Tudo Meu,Funk
2019,Janeiro,6,"Márcia Fellipe, Jerry Smith",Quem Me Dera,Forró / Funk
2019,Janeiro,7,Gusttavo Lima,Zé da Recaída,Sertanejo
2019,Janeiro,8,"MC L da Vinte, MC Gury",Parado no Bailão,Funk
2019,Janeiro,9,Vitor Kley,O Sol,Pop / Reggae
2019,Janeiro,10,Melim,Ouvi Dizer,Pop
2019,Fevereiro,1,Gabriel Diniz,Jenifer,Forró
2019,Fevereiro,2,"Felipe Araújo, Ferrugem",Atrasadinha,Pagode / Sertanejo
2019,Fevereiro,3,Marília Mendonça,Ciumeira,Sertanejo
2019,Fevereiro,4,Zé Neto & Cristiano,Notificação Preferida,Sertanejo
2019,Fevereiro,5,"Anitta, Kevinho",Terremoto,Pop / Funk
2019,Fevereiro,6,"Márcia Fellipe, Jerry Smith",Quem Me Dera,Forró / Funk
2019,Fevereiro,7,"MC Kevinho, Dennis DJ",Agora é Tudo Meu,Funk
2019,Fevereiro,8,Gustavo Mioto,Solteiro Não Trai,Sertanejo
2019,Fevereiro,9,Zé Neto & Cristiano,Estado Decadente,Sertanejo
2019,Fevereiro,10,"Anitta, Tropkillaz, J Balvin, MC Zaac",Bola Rebola,Funk / Pop
2019,Março,1,Gabriel Diniz,Jenifer,Forró
2019,Março,2,Marília Mendonça,Ciumeira,Sertanejo
2019,Março,3,"Felipe Araújo, Ferrugem",Atrasadinha,Pagode / Sertanejo
2019,Março,4,Zé Neto & Cristiano,Estado Decadente,Sertanejo
2019,Março,5,Gustavo Mioto,Solteiro Não Trai,Sertanejo
2019,Março,6,Jorge & Mateus,Tijolão,Sertanejo
2019,Março,7,"Anitta, Kevinho",Terremoto,Pop / Funk
2019,Março,8,"Márcia Fellipe, Jerry Smith",Quem Me Dera,Forró / Funk
2019,Março,9,Gusttavo Lima,Cem Mil,Sertanejo
2019,Março,10,Zé Neto & Cristiano,Notificação Preferida,Sertanejo
2019,Abril,1,Marília Mendonça,Ciumeira,Sertanejo
2019,Abril,2,Gusttavo Lima,Cem Mil,Sertanejo
2019,Abril,3,Zé Neto & Cristiano,Estado Decadente,Sertanejo
2019,Abril,4,Jorge & Mateus,Tijolão,Sertanejo
2019,Abril,5,Gustavo Mioto,Solteiro Não Trai,Sertanejo
2019,Abril,6,"Felipe Araújo, Ferrugem",Atrasadinha,Pagode / Sertanejo
2019,Abril,7,DJ Rennan da Penha,Gira Mundo,Funk 150 BPM
2019,Abril,8,Marília Mendonça,Todo Mundo Vai Sofrer,Sertanejo
2019,Abril,9,Gabriel Diniz,Jenifer,Forró
2019,Abril,10,"MC Digu, DJ Laurinha",Surubinha de Leve,Funk
2019,Maio,1,Marília Mendonça,Todo Mundo Vai Sofrer,Sertanejo
2019,Maio,2,Gusttavo Lima,Cem Mil,Sertanejo
2019,Maio,3,Jorge & Mateus,Tijolão,Sertanejo
2019,Maio,4,Zé Neto & Cristiano,Estado Decadente,Sertanejo
2019,Maio,5,Gustavo Mioto,Solteiro Não Trai,Sertanejo
2019,Maio,6,"Matheus & Kauan, Marília Mendonça",Vou Ter Que Superar,Sertanejo
2019,Maio,7,Marília Mendonça,Ciumeira,Sertanejo
2019,Maio,8,"Felipe Original, MC Kevin o Chris",Hit Contagiante,Brega Funk
2019,Maio,9,DJ Rennan da Penha,Gira Mundo,Funk 150 BPM
2019,Maio,10,"Felipe Araújo, Ferrugem",Atrasadinha,Pagode / Sertanejo
2019,Junho,1,Marília Mendonça,Todo Mundo Vai Sofrer,Sertanejo
2019,Junho,2,Gusttavo Lima,Cem Mil,Sertanejo
2019,Junho,3,"Matheus & Kauan, Marília Mendonça",Vou Ter Que Superar,Sertanejo
2019,Junho,4,"Felipe Original, MC Kevin o Chris",Hit Contagiante,Brega Funk
2019,Junho,5,Jorge & Mateus,Tijolão,Sertanejo
2019,Junho,6,Gustavo Mioto,Solteiro Não Trai,Sertanejo
2019,Junho,7,Zé Neto & Cristiano,Estado Decadente,Sertanejo
2019,Junho,8,Kevinho,Uma Nora Pra Cada Dia,Funk
2019,Junho,9,"Felipe Araújo, Léo Santana",Amigo Emprestado,Sertanejo / Axé
2019,Junho,10,Marília Mendonça,Ciumeira,Sertanejo
2019,Julho,1,Marília Mendonça,Todo Mundo Vai Sofrer,Sertanejo
2019,Julho,2,"Matheus & Kauan, Marília Mendonça",Vou Ter Que Superar,Sertanejo
2019,Julho,3,Gusttavo Lima,Cem Mil,Sertanejo
2019,Julho,4,"Felipe Original, MC Kevin o Chris",Hit Contagiante,Brega Funk
2019,Julho,5,Jorge & Mateus,Tijolão,Sertanejo
2019,Julho,6,Lauana Prado,Cobaia,Sertanejo
2019,Julho,7,MC Kevin o Chris,Evoluiu,Funk 150 BPM
2019,Julho,8,Gustavo Mioto,Solteiro Não Trai,Sertanejo
2019,Julho,9,Kevinho,Uma Nora Pra Cada Dia,Funk
2019,Julho,10,Jorge & Mateus,Cheirosa,Sertanejo
2019,Agosto,1,MC Kevin o Chris,Evoluiu,Funk 150 BPM
2019,Agosto,2,Marília Mendonça,Todo Mundo Vai Sofrer,Sertanejo
2019,Agosto,3,"Matheus & Kauan, Marília Mendonça",Vou Ter Que Superar,Sertanejo
2019,Agosto,4,Lauana Prado,Cobaia,Sertanejo
2019,Agosto,5,"Felipe Original, MC Kevin o Chris",Hit Contagiante,Brega Funk
2019,Agosto,6,Gusttavo Lima,Cem Mil,Sertanejo
2019,Agosto,7,Jorge & Mateus,Cheirosa,Sertanejo
2019,Agosto,8,Jorge & Mateus,Tijolão,Sertanejo
2019,Agosto,9,Gustavo Mioto,Com ou Sem Mim,Sertanejo
2019,Agosto,10,João Gustavo & Murilo,Lençol Dobrado,Sertanejo
2019,Setembro,1,MC Kevin o Chris,Evoluiu,Funk 150 BPM
2019,Setembro,2,Marília Mendonça,Todo Mundo Vai Sofrer,Sertanejo
2019,Setembro,3,Lauana Prado,Cobaia,Sertanejo
2019,Setembro,4,"Matheus & Kauan, Marília Mendonça",Vou Ter Que Superar,Sertanejo
2019,Setembro,5,Gustavo Mioto,Com ou Sem Mim,Sertanejo
2019,Setembro,6,João Gustavo & Murilo,Lençol Dobrado,Sertanejo
2019,Setembro,7,Gusttavo Lima,Milu,Sertanejo
2019,Setembro,8,Jorge & Mateus,Cheirosa,Sertanejo
2019,Setembro,9,"Felipe Original, MC Kevin o Chris",Hit Contagiante,Brega Funk
2019,Setembro,10,Marília Mendonça,Bebi Liguei,Sertanejo
2019,Outubro,1,MC Kevin o Chris,Evoluiu,Funk 150 BPM
2019,Outubro,2,MC Du Black,Gaiola é o Troco,Funk
2019,Outubro,3,Gusttavo Lima,Milu,Sertanejo
2019,Outubro,4,Gustavo Mioto,Com ou Sem Mim,Sertanejo
2019,Outubro,5,Lauana Prado,Cobaia,Sertanejo
2019,Outubro,6,Marília Mendonça,Todo Mundo Vai Sofrer,Sertanejo
2019,Outubro,7,João Gustavo & Murilo,Lençol Dobrado,Sertanejo
2019,Outubro,8,"Matheus & Kauan, Marília Mendonça",Vou Ter Que Superar,Sertanejo
2019,Outubro,9,"Anitta, Marília Mendonça",Some que ele vem atrás,Sertanejo / Pop
2019,Outubro,10,Marília Mendonça,Bebi Liguei,Sertanejo
2019,Novembro,1,MC Du Black,Gaiola é o Troco,Funk
2019,Novembro,2,Gusttavo Lima,Milu,Sertanejo
2019,Novembro,3,"Anitta, Marília Mendonça",Some que ele vem atrás,Sertanejo / Pop
2019,Novembro,4,Gustavo Mioto,Com ou Sem Mim,Sertanejo
2019,Novembro,5,MC Kevin o Chris,Evoluiu,Funk 150 BPM
2019,Novembro,6,Marília Mendonça,Supera,Sertanejo
2019,Novembro,7,João Gustavo & Murilo,Lençol Dobrado,Sertanejo
2019,Novembro,8,Lauana Prado,Cobaia,Sertanejo
2019,Novembro,9,"MC Kekel, MC Rita",Amor de Verdade,Funk
2019,Novembro,10,Maiara & Maraisa,Bebaça,Sertanejo
2019,Dezembro,1,MC Du Black,Gaiola é o Troco,Funk
2019,Dezembro,2,"Dadá Boladão, Tati Zaqui, OIK",Surtada (Remix),Brega Funk
2019,Dezembro,3,Gustavo Mioto,Com ou Sem Mim,Sertanejo
2019,Dezembro,4,Gusttavo Lima,Milu,Sertanejo
2019,Dezembro,5,"Anitta, Marília Mendonça",Some que ele vem atrás,Sertanejo / Pop
2019,Dezembro,6,Marília Mendonça,Supera,Sertanejo
2019,Dezembro,7,João Gustavo & Murilo,Lençol Dobrado,Sertanejo
2019,Dezembro,8,Henrique & Juliano,Liberdade Provisória,Sertanejo
2019,Dezembro,9,"Felipe Original, JS o Mão de Ouro...",Sentadão,Brega Funk
2019,Dezembro,10,"Thiaguinho MT, Mila, JS o Mão de Ouro",Tudo OK,Brega Funk
2018,Janeiro,1,"Anitta, Mc Zaac, Maejor, Tropkillaz",Vai Malandra,Funk / Pop
2018,Janeiro,2,"Thiago Brava, Jorge",Dona Maria,Sertanejo
2018,Janeiro,3,"Anitta, J Balvin",Downtown,Pop / Reggaeton
2018,Janeiro,4,Gusttavo Lima,Apelido Carinhoso,Sertanejo
2018,Janeiro,5,MC Kevinho,Rabiola,Funk
2018,Janeiro,6,MC Fioti,Bum Bum Tam Tam,Funk
2018,Janeiro,7,"IZA, Marcelo Falcão",Pesadão,Pop / Reggae
2018,Janeiro,8,Hungria Hip Hop,Coração de Aço,Rap / Hip-Hop
2018,Janeiro,9,Jorge & Mateus,Contrato,Sertanejo
2018,Janeiro,10,"Marília Mendonça, Bruno & Marrone",Transplante,Sertanejo
2018,Fevereiro,1,Gusttavo Lima,Apelido Carinhoso,Sertanejo
2018,Fevereiro,2,"Thiago Brava, Jorge",Dona Maria,Sertanejo
2018,Fevereiro,3,"Anitta, Mc Zaac, Maejor, Tropkillaz",Vai Malandra,Funk / Pop
2018,Fevereiro,4,Zé Neto & Cristiano,Largado às Traças,Sertanejo
2018,Fevereiro,5,"Anitta, J Balvin",Downtown,Pop / Reggaeton
2018,Fevereiro,6,"MC Kevinho, Simone & Simaria",Ta Tum Tum,Funk / Sertanejo
2018,Fevereiro,7,Hungria Hip Hop,Coração de Aço,Rap / Hip-Hop
2018,Fevereiro,8,"IZA, Marcelo Falcão",Pesadão,Pop / Reggae
2018,Fevereiro,9,Jorge & Mateus,Propaganda,Sertanejo
2018,Fevereiro,10,MC Kevinho,Rabiola,Funk
2018,Março,1,Zé Neto & Cristiano,Largado às Traças,Sertanejo
2018,Março,2,Gusttavo Lima,Apelido Carinhoso,Sertanejo
2018,Março,3,"Thiago Brava, Jorge",Dona Maria,Sertanejo
2018,Março,4,Jorge & Mateus,Propaganda,Sertanejo
2018,Março,5,"MC Kevinho, Simone & Simaria",Ta Tum Tum,Funk / Sertanejo
2018,Março,6,"Anitta, Mc Zaac, Maejor, Tropkillaz",Vai Malandra,Funk / Pop
2018,Março,7,Hungria Hip Hop,Coração de Aço,Rap / Hip-Hop
2018,Março,8,Marília Mendonça,Ausência,Sertanejo
2018,Março,9,"MC Kekel, MC Rita",Amor de Verdade,Funk
2018,Março,10,"IZA, Marcelo Falcão",Pesadão,Pop / Reggae
2018,Abril,1,Zé Neto & Cristiano,Largado às Traças,Sertanejo
2018,Abril,2,Gusttavo Lima,Apelido Carinhoso,Sertanejo
2018,Abril,3,Jorge & Mateus,Propaganda,Sertanejo
2018,Abril,4,"MC Kekel, MC Rita",Amor de Verdade,Funk
2018,Abril,5,Marília Mendonça,Ausência,Sertanejo
2018,Abril,6,Hungria Hip Hop,Coração de Aço,Rap / Hip-Hop
2018,Abril,7,Vitor Kley,O Sol,Pop / Reggae
2018,Abril,8,"MC Kevinho, Simone & Simaria",Ta Tum Tum,Funk / Sertanejo
2018,Abril,9,Maiara & Maraisa,Quem Ensinou Fui Eu,Sertanejo
2018,Abril,10,Melim,Meu Abrigo,Pop
2018,Maio,1,Zé Neto & Cristiano,Largado às Traças,Sertanejo
2018,Maio,2,Jorge & Mateus,Propaganda,Sertanejo
2018,Maio,3,Vitor Kley,O Sol,Pop / Reggae
2018,Maio,4,"MC Kekel, MC Rita",Amor de Verdade,Funk
2018,Maio,5,Gusttavo Lima,Apelido Carinhoso,Sertanejo
2018,Maio,6,Melim,Meu Abrigo,Pop
2018,Maio,7,Marília Mendonça,Ausência,Sertanejo
2018,Maio,8,"Wesley Safadão, Anitta",Romance com Safadeza,Forró / Pop
2018,Maio,9,Maiara & Maraisa,Quem Ensinou Fui Eu,Sertanejo
2018,Maio,10,Hungria Hip Hop,Coração de Aço,Rap / Hip-Hop
2018,Junho,1,Zé Neto & Cristiano,Largado às Traças,Sertanejo
2018,Junho,2,Vitor Kley,O Sol,Pop / Reggae
2018,Junho,3,Jorge & Mateus,Propaganda,Sertanejo
2018,Junho,4,Melim,Meu Abrigo,Pop
2018,Junho,5,"MC Kekel, MC Rita",Amor de Verdade,Funk
2018,Junho,6,"Wesley Safadão, Anitta",Romance com Safadeza,Forró / Pop
2018,Junho,7,"MC MM, DJ RD",Só Quer Vrau,Funk
2018,Junho,8,Gusttavo Lima,Zé da Recaída,Sertanejo
2018,Junho,9,Marília Mendonça,Ausência,Sertanejo
2018,Junho,10,Maiara & Maraisa,Quem Ensinou Fui Eu,Sertanejo
2018,Julho,1,Zé Neto & Cristiano,Largado às Traças,Sertanejo
2018,Julho,2,Vitor Kley,O Sol,Pop / Reggae
2018,Julho,3,Melim,Meu Abrigo,Pop
2018,Julho,4,Gusttavo Lima,Zé da Recaída,Sertanejo
2018,Julho,5,Jorge & Mateus,Propaganda,Sertanejo
2018,Julho,6,"MC MM, DJ RD",Só Quer Vrau,Funk
2018,Julho,7,"Wesley Safadão, Anitta",Romance com Safadeza,Forró / Pop
2018,Julho,8,"MC Kekel, MC Rita",Amor de Verdade,Funk
2018,Julho,9,Kell Smith,Era Uma Vez,MPB / Pop
2018,Julho,10,Maiara & Maraisa,Coração Infectado,Sertanejo
2018,Agosto,1,Vitor Kley,O Sol,Pop / Reggae
2018,Agosto,2,Gusttavo Lima,Zé da Recaída,Sertanejo
2018,Agosto,3,Melim,Meu Abrigo,Pop
2018,Agosto,4,Zé Neto & Cristiano,Largado às Traças,Sertanejo
2018,Agosto,5,Jorge & Mateus,Propaganda,Sertanejo
2018,Agosto,6,Wesley Safadão,Só Pra Castigar,Forró
2018,Agosto,7,Anitta,Não Perco Meu Tempo,Pop
2018,Agosto,8,"Aldair Playboy, Wesley Safadão, Kevinho",Amor Falso,Brega Funk
2018,Agosto,9,"MC MM, DJ RD",Só Quer Vrau,Funk
2018,Agosto,10,Maiara & Maraisa,Coração Infectado,Sertanejo
2018,Setembro,1,Gusttavo Lima,Zé da Recaída,Sertanejo
2018,Setembro,2,Vitor Kley,O Sol,Pop / Reggae
2018,Setembro,3,Melim,Meu Abrigo,Pop
2018,Setembro,4,Wesley Safadão,Só Pra Castigar,Forró
2018,Setembro,5,Zé Neto & Cristiano,Notificação Preferida,Sertanejo
2018,Setembro,6,Jorge & Mateus,Propaganda,Sertanejo
2018,Setembro,7,"Aldair Playboy, Wesley Safadão, Kevinho",Amor Falso,Brega Funk
2018,Setembro,8,Zé Neto & Cristiano,Largado às Traças,Sertanejo
2018,Setembro,9,Melim,Ouvi Dizer,Pop
2018,Setembro,10,Marília Mendonça,Ciumeira,Sertanejo
2018,Outubro,1,Gusttavo Lima,Zé da Recaída,Sertanejo
2018,Outubro,2,Zé Neto & Cristiano,Notificação Preferida,Sertanejo
2018,Outubro,3,Vitor Kley,O Sol,Pop / Reggae
2018,Outubro,4,Marília Mendonça,Ciumeira,Sertanejo
2018,Outubro,5,Melim,Meu Abrigo,Pop
2018,Outubro,6,Wesley Safadão,Só Pra Castigar,Forró
2018,Outubro,7,Melim,Ouvi Dizer,Pop
2018,Outubro,8,Jorge & Mateus,Propaganda,Sertanejo
2018,Outubro,9,"MC L da Vinte, MC Gury",Parado no Bailão,Funk
2018,Outubro,10,"Felipe Araújo, Ferrugem",Atrasadinha,Pagode / Sertanejo
2018,Novembro,1,"Felipe Araújo, Ferrugem",Atrasadinha,Pagode / Sertanejo
2018,Novembro,2,Zé Neto & Cristiano,Notificação Preferida,Sertanejo
2018,Novembro,3,Gusttavo Lima,Zé da Recaída,Sertanejo
2018,Novembro,4,Marília Mendonça,Ciumeira,Sertanejo
2018,Novembro,5,Vitor Kley,O Sol,Pop / Reggae
2018,Novembro,6,"MC L da Vinte, MC Gury",Parado no Bailão,Funk
2018,Novembro,7,"MC Kevinho, Dennis DJ",Agora é Tudo Meu,Funk
2018,Novembro,8,Melim,Ouvi Dizer,Pop
2018,Novembro,9,Wesley Safadão,Só Pra Castigar,Forró
2018,Novembro,10,Melim,Meu Abrigo,Pop
2018,Dezembro,1,"Felipe Araújo, Ferrugem",Atrasadinha,Pagode / Sertanejo
2018,Dezembro,2,Zé Neto & Cristiano,Notificação Preferida,Sertanejo
2018,Dezembro,3,Marília Mendonça,Ciumeira,Sertanejo
2018,Dezembro,4,Gusttavo Lima,Zé da Recaída,Sertanejo
2018,Dezembro,5,"MC Kevinho, Dennis DJ",Agora é Tudo Meu,Funk
2018,Dezembro,6,"MC L da Vinte, MC Gury",Parado no Bailão,Funk
2018,Dezembro,7,Vitor Kley,O Sol,Pop / Reggae
2018,Dezembro,8,Melim,Ouvi Dizer,Pop
2018,Dezembro,9,"Márcia Fellipe, Jerry Smith",Quem Me Dera,Forró / Funk
2018,Dezembro,10,"Luan Santana, Jorge & Mateus",Sofazinho,Sertanejo
2017,Janeiro,1,MC G15,Deu Onda,Funk
2017,Janeiro,2,"Simone & Simaria, Anitta",Loka,Sertanejo / Pop
2017,Janeiro,3,"Nego do Borel, Anitta, Wesley Safadão",Você Partiu Meu Coração,Pop / Funk
2017,Janeiro,4,Gusttavo Lima,Homem de Família,Sertanejo
2017,Janeiro,5,Marília Mendonça,Eu Sei de Cor,Sertanejo
2017,Janeiro,6,"Sandy, Tiago Iorc",Me Espera,Pop / MPB
2017,Janeiro,7,"Wesley Safadão, Ronaldinho Gaúcho",Solteiro de Novo,Forró
2017,Janeiro,8,Luan Santana,Sorte que a Gente Tem a Vida,Sertanejo
2017,Janeiro,9,"Naiara Azevedo, Maiara & Maraisa",50 Reais,Sertanejo
2017,Janeiro,10,"Henrique & Diego, Dennis DJ",Malbec,Sertanejo / Funk
2017,Fevereiro,1,"Simone & Simaria, Anitta",Loka,Sertanejo / Pop
2017,Fevereiro,2,"Nego do Borel, Anitta, Wesley Safadão",Você Partiu Meu Coração,Pop / Funk
2017,Fevereiro,3,MC G15,Deu Onda,Funk
2017,Fevereiro,4,Marília Mendonça,Amante Não Tem Lar,Sertanejo
2017,Fevereiro,5,MC Kevinho,O Grave Bater,Funk
2017,Fevereiro,6,Ed Sheeran,Shape of You,Pop Internacional
2017,Fevereiro,7,Henrique & Juliano,Vidinha de Balada,Sertanejo
2017,Fevereiro,8,Matheus & Kauan,Te Assumi pro Brasil,Sertanejo
2017,Fevereiro,9,Jorge & Mateus,Se o Amor Tiver Lugar,Sertanejo
2017,Fevereiro,10,"Fernando & Sorocaba, Jorge & Mateus",Bom Rapaz,Sertanejo
2017,Março,1,"Nego do Borel, Anitta, Wesley Safadão",Você Partiu Meu Coração,Pop / Funk
2017,Março,2,"Simone & Simaria, Anitta",Loka,Sertanejo / Pop
2017,Março,3,Henrique & Juliano,Vidinha de Balada,Sertanejo
2017,Março,4,Marília Mendonça,Amante Não Tem Lar,Sertanejo
2017,Março,5,MC Kevinho,O Grave Bater,Funk
2017,Março,6,Matheus & Kauan,Te Assumi pro Brasil,Sertanejo
2017,Março,7,Jorge & Mateus,Se o Amor Tiver Lugar,Sertanejo
2017,Março,8,"Luis Fonsi, Daddy Yankee",Despacito,Reggaeton / Pop Latino
2017,Março,9,Ed Sheeran,Shape of You,Pop Internacional
2017,Março,10,Luan Santana,Acordando o Prédio,Sertanejo
2017,Abril,1,"Luis Fonsi, Daddy Yankee",Despacito,Reggaeton / Pop Latino
2017,Abril,2,Henrique & Juliano,Vidinha de Balada,Sertanejo
2017,Abril,3,Marília Mendonça,Amante Não Tem Lar,Sertanejo
2017,Abril,4,Luan Santana,Acordando o Prédio,Sertanejo
2017,Abril,5,Anitta,Paradinha,Pop / Reggaeton
2017,Abril,6,Pabllo Vittar,K.O.,Pop
2017,Abril,7,"Anavitória, Tiago Iorc",Trevo (Tu),Pop / MPB
2017,Abril,8,Matheus & Kauan,Te Assumi pro Brasil,Sertanejo
2017,Abril,9,MC Kevinho,O Grave Bater,Funk
2017,Abril,10,"Henrique & Diego, Simone & Simaria",Raspão,Sertanejo
2017,Maio,1,"Luis Fonsi, Daddy Yankee, Justin Bieber",Despacito,Reggaeton / Pop Latino
2017,Maio,2,Anitta,Paradinha,Pop / Reggaeton
2017,Maio,3,Henrique & Juliano,Vidinha de Balada,Sertanejo
2017,Maio,4,Pabllo Vittar,K.O.,Pop
2017,Maio,5,"Major Lazer, Anitta, Pabllo Vittar",Sua Cara,Eletrônico / Pop
2017,Maio,6,Luan Santana,Acordando o Prédio,Sertanejo
2017,Maio,7,Marília Mendonça,Amante Não Tem Lar,Sertanejo
2017,Maio,8,"Anavitória, Tiago Iorc",Trevo (Tu),Pop / MPB
2017,Maio,9,Simone & Simaria,Regime Fechado,Sertanejo
2017,Maio,10,MC Livinho,Fazer Falta,Funk
2017,Junho,1,Anitta,Paradinha,Pop / Reggaeton
2017,Junho,2,"Luis Fonsi, Daddy Yankee, Justin Bieber",Despacito,Reggaeton / Pop Latino
2017,Junho,3,"Major Lazer, Anitta, Pabllo Vittar",Sua Cara,Eletrônico / Pop
2017,Junho,4,Pabllo Vittar,K.O.,Pop
2017,Junho,5,Henrique & Juliano,Vidinha de Balada,Sertanejo
2017,Junho,6,MC Livinho,Fazer Falta,Funk
2017,Junho,7,Simone & Simaria,Regime Fechado,Sertanejo
2017,Junho,8,Luan Santana,Acordando o Prédio,Sertanejo
2017,Junho,9,MC Kevinho,Olha a Explosão,Funk
2017,Junho,10,"Matheus & Kauan, MC Kevinho",Deixa Ela Beijar,Sertanejo / Funk
2017,Julho,1,"Major Lazer, Anitta, Pabllo Vittar",Sua Cara,Eletrônico / Pop
2017,Julho,2,Pabllo Vittar,K.O.,Pop
2017,Julho,3,Anitta,Paradinha,Pop / Reggaeton
2017,Julho,4,"Luis Fonsi, Daddy Yankee, Justin Bieber",Despacito,Reggaeton / Pop Latino
2017,Julho,5,Simone & Simaria,Regime Fechado,Sertanejo
2017,Julho,6,MC Livinho,Fazer Falta,Funk
2017,Julho,7,"Matheus & Kauan, MC Kevinho",Deixa Ela Beijar,Sertanejo / Funk
2017,Julho,8,Henrique & Juliano,Vidinha de Balada,Sertanejo
2017,Julho,9,Wesley Safadão,Ar Condicionado no 15,Forró
2017,Julho,10,"João Neto & Frederico, MC Kevinho",Cê Acredita,Sertanejo / Funk
2017,Agosto,1,"Major Lazer, Anitta, Pabllo Vittar",Sua Cara,Eletrônico / Pop
2017,Agosto,2,Pabllo Vittar,K.O.,Pop
2017,Agosto,3,Simone & Simaria,Regime Fechado,Sertanejo
2017,Agosto,4,"Matheus & Kauan, MC Kevinho",Deixa Ela Beijar,Sertanejo / Funk
2017,Agosto,5,MC Livinho,Fazer Falta,Funk
2017,Agosto,6,Wesley Safadão,Ar Condicionado no 15,Forró
2017,Agosto,7,Claudia Leitte,Baldin de Gelo,Axé
2017,Agosto,8,"Pabllo Vittar, Mateus Carrilho",Corpo Sensual,Pop
2017,Agosto,9,Bruno & Marrone,Na Conta da Loucura,Sertanejo
2017,Agosto,10,"João Neto & Frederico, MC Kevinho",Cê Acredita,Sertanejo / Funk
2017,Setembro,1,"Pabllo Vittar, Mateus Carrilho",Corpo Sensual,Pop
2017,Setembro,2,Pabllo Vittar,K.O.,Pop
2017,Setembro,3,Simone & Simaria,Regime Fechado,Sertanejo
2017,Setembro,4,"Matheus & Kauan, MC Kevinho",Deixa Ela Beijar,Sertanejo / Funk
2017,Setembro,5,"Major Lazer, Anitta, Pabllo Vittar",Sua Cara,Eletrônico / Pop
2017,Setembro,6,Wesley Safadão,Ar Condicionado no 15,Forró
2017,Setembro,7,Bruno & Marrone,Na Conta da Loucura,Sertanejo
2017,Setembro,8,MC Fioti,Bum Bum Tam Tam,Funk
2017,Setembro,9,"IZA, Marcelo Falcão",Pesadão,Pop / Reggae
2017,Setembro,10,"Anitta, Poo Bear",Will I See You,Pop / Bossa Nova
2017,Outubro,1,"Pabllo Vittar, Mateus Carrilho",Corpo Sensual,Pop
2017,Outubro,2,MC Fioti,Bum Bum Tam Tam,Funk
2017,Outubro,3,"Matheus & Kauan, MC Kevinho",Deixa Ela Beijar,Sertanejo / Funk
2017,Outubro,4,"IZA, Marcelo Falcão",Pesadão,Pop / Reggae
2017,Outubro,5,Simone & Simaria,Regime Fechado,Sertanejo
2017,Outubro,6,MC Kevinho,Rabiola,Funk
2017,Outubro,7,Wesley Safadão,Ar Condicionado no 15,Forró
2017,Outubro,8,"Anitta, J Balvin",Downtown,Pop / Reggaeton
2017,Outubro,9,Jorge & Mateus,Contrato,Sertanejo
2017,Outubro,10,Pabllo Vittar,K.O.,Pop
2017,Novembro,1,"Anitta, J Balvin",Downtown,Pop / Reggaeton
2017,Novembro,2,MC Fioti,Bum Bum Tam Tam,Funk
2017,Novembro,3,"Pabllo Vittar, Mateus Carrilho",Corpo Sensual,Pop
2017,Novembro,4,MC Kevinho,Rabiola,Funk
2017,Novembro,5,"IZA, Marcelo Falcão",Pesadão,Pop / Reggae
2017,Novembro,6,Jorge & Mateus,Contrato,Sertanejo
2017,Novembro,7,"Anitta, Mc Zaac, Maejor, Tropkillaz",Vai Malandra,Funk / Pop
2017,Novembro,8,"Matheus & Kauan, MC Kevinho",Deixa Ela Beijar,Sertanejo / Funk
2017,Novembro,9,"Thiago Brava, Jorge",Dona Maria,Sertanejo
2017,Novembro,10,"Luis Fonsi, Demi Lovato",Échame La Culpa,Pop Latino
2017,Dezembro,1,"Anitta, Mc Zaac, Maejor, Tropkillaz",Vai Malandra,Funk / Pop
2017,Dezembro,2,"Anitta, J Balvin",Downtown,Pop / Reggaeton
2017,Dezembro,3,MC Fioti,Bum Bum Tam Tam,Funk
2017,Dezembro,4,"Thiago Brava, Jorge",Dona Maria,Sertanejo
2017,Dezembro,5,MC Kevinho,Rabiola,Funk
2017,Dezembro,6,Jorge & Mateus,Contrato,Sertanejo
2017,Dezembro,7,"IZA, Marcelo Falcão",Pesadão,Pop / Reggae
2017,Dezembro,8,Gusttavo Lima,Apelido Carinhoso,Sertanejo
2017,Dezembro,9,"Pabllo Vittar, Mateus Carrilho",Corpo Sensual,Pop
2017,Dezembro,10,Luan Santana,Check-In,Sertanejo / Pop
2016,Janeiro,1,Essa Mina É Louca,Anitta part. Jhama,Pop / Funk
2016,Janeiro,2,Sosseguei,Jorge & Mateus,Sertanejo / Bachata
2016,Janeiro,3,Aquele 1%,Marcos & Belutti part. Wesley Safadão,Sertanejo / Forró
2016,Janeiro,4,Sorry,Justin Bieber,Pop
2016,Janeiro,5,Metralhadora,Banda Vingadora,Axé / Arrocha
2016,Janeiro,6,Chuva de Arroz,Luan Santana,Sertanejo / Pop
2016,Janeiro,7,Love Yourself,Justin Bieber,Pop
2016,Janeiro,8,Bang,Anitta,Pop / Funk
2016,Janeiro,9,Camarote,Wesley Safadão,Forró / Sertanejo
2016,Janeiro,10,Na Hora da Raiva,Henrique & Juliano,Sertanejo
2016,Fevereiro,1,Metralhadora,Banda Vingadora,Axé / Arrocha
2016,Fevereiro,2,Essa Mina É Louca,Anitta part. Jhama,Pop / Funk
2016,Fevereiro,3,Baile de Favela,MC João,Funk
2016,Fevereiro,4,Aquele 1%,Marcos & Belutti part. Wesley Safadão,Sertanejo / Forró
2016,Fevereiro,5,Sosseguei,Jorge & Mateus,Sertanejo / Bachata
2016,Fevereiro,6,Sorry,Justin Bieber,Pop
2016,Fevereiro,7,Romântico Anônimo,Marcos & Belutti part. Fernando Zor,Sertanejo
2016,Fevereiro,8,Camarote,Wesley Safadão,Forró / Sertanejo
2016,Fevereiro,9,Pronto Falei,Eduardo Costa,Sertanejo
2016,Fevereiro,10,Work,Rihanna part. Drake,Pop / R&B
2016,Março,1,Pronto Falei,Eduardo Costa,Sertanejo
2016,Março,2,Romântico Anônimo,Marcos & Belutti part. Fernando Zor,Sertanejo
2016,Março,3,Seu Polícia,Zé Neto & Cristiano,Sertanejo
2016,Março,4,Sosseguei,Jorge & Mateus,Sertanejo
2016,Março,5,O Nosso Santo Bateu,Matheus & Kauan,Sertanejo / Reggae
2016,Março,6,Infiel,Marília Mendonça,Sertanejo / Sofrência
2016,Março,7,0.1,Maiara & Maraisa,Sertanejo
2016,Março,8,Work,Rihanna part. Drake,Pop / R&B
2016,Março,9,Love Yourself,Justin Bieber,Pop
2016,Março,10,Na Hora da Raiva,Henrique & Juliano,Sertanejo
2016,Abril,1,Seu Polícia,Zé Neto & Cristiano,Sertanejo
2016,Abril,2,Infiel,Marília Mendonça,Sertanejo / Sofrência
2016,Abril,3,Pronto Falei,Eduardo Costa,Sertanejo
2016,Abril,4,Que Pena Que Acabou,Gusttavo Lima,Sertanejo / Pop
2016,Abril,5,Romântico Anônimo,Marcos & Belutti part. Fernando Zor,Sertanejo
2016,Abril,6,O Nosso Santo Bateu,Matheus & Kauan,Sertanejo / Reggae
2016,Abril,7,Como é que a Gente Fica,Henrique & Juliano,Sertanejo
2016,Abril,8,0.1,Maiara & Maraisa,Sertanejo
2016,Abril,9,Vai Me Perdoando,Victor & Leo,Sertanejo
2016,Abril,10,Sosseguei,Jorge & Mateus,Sertanejo
2016,Maio,1,Seu Polícia,Zé Neto & Cristiano,Sertanejo
2016,Maio,2,Infiel,Marília Mendonça,Sertanejo / Sofrência
2016,Maio,3,Medo Bobo,Maiara & Maraisa,Sertanejo
2016,Maio,4,Bumbum Granada,MCs Zaac & Jerry,Funk
2016,Maio,5,Que Pena Que Acabou,Gusttavo Lima,Sertanejo
2016,Maio,6,O Nosso Santo Bateu,Matheus & Kauan,Sertanejo / Reggae
2016,Maio,7,Pronto Falei,Eduardo Costa,Sertanejo
2016,Maio,8,Como é que a Gente Fica,Henrique & Juliano,Sertanejo
2016,Maio,9,50 Reais,Naiara Azevedo part. Maiara & Maraisa,Sertanejo
2016,Maio,10,Cheia de Marra,MC Livinho,Funk
2016,Junho,1,Seu Polícia,Zé Neto & Cristiano,Sertanejo
2016,Junho,2,Medo Bobo,Maiara & Maraisa,Sertanejo
2016,Junho,3,Bumbum Granada,MCs Zaac & Jerry,Funk
2016,Junho,4,Infiel,Marília Mendonça,Sertanejo / Sofrência
2016,Junho,5,50 Reais,Naiara Azevedo part. Maiara & Maraisa,Sertanejo
2016,Junho,6,Que Pena Que Acabou,Gusttavo Lima,Sertanejo
2016,Junho,7,O Nosso Santo Bateu,Matheus & Kauan,Sertanejo / Reggae
2016,Junho,8,"Eu, Você, o Mar e Ela",Luan Santana,Sertanejo / Pop
2016,Junho,9,Como é que a Gente Fica,Henrique & Juliano,Sertanejo
2016,Junho,10,Malandramente,"Dennis, MCs Nandinho & Nego Bam",Funk
2016,Julho,1,Medo Bobo,Maiara & Maraisa,Sertanejo
2016,Julho,2,Seu Polícia,Zé Neto & Cristiano,Sertanejo
2016,Julho,3,50 Reais,Naiara Azevedo part. Maiara & Maraisa,Sertanejo
2016,Julho,4,Malandramente,"Dennis, MCs Nandinho & Nego Bam",Funk
2016,Julho,5,Bumbum Granada,MCs Zaac & Jerry,Funk
2016,Julho,6,Infiel,Marília Mendonça,Sertanejo / Sofrência
2016,Julho,7,"Eu, Você, o Mar e Ela",Luan Santana,Sertanejo / Pop
2016,Julho,8,O Nosso Santo Bateu,Matheus & Kauan,Sertanejo / Reggae
2016,Julho,9,Que Pena Que Acabou,Gusttavo Lima,Sertanejo
2016,Julho,10,Como é que a Gente Fica,Henrique & Juliano,Sertanejo
2016,Agosto,1,Medo Bobo,Maiara & Maraisa,Sertanejo
2016,Agosto,2,50 Reais,Naiara Azevedo part. Maiara & Maraisa,Sertanejo
2016,Agosto,3,Seu Polícia,Zé Neto & Cristiano,Sertanejo
2016,Agosto,4,Malandramente,"Dennis, MCs Nandinho & Nego Bam",Funk
2016,Agosto,5,Homem de Família,Gusttavo Lima,Sertanejo / Bachata
2016,Agosto,6,Infiel,Marília Mendonça,Sertanejo / Sofrência
2016,Agosto,7,"Eu, Você, o Mar e Ela",Luan Santana,Sertanejo / Pop
2016,Agosto,8,O Nosso Santo Bateu,Matheus & Kauan,Sertanejo / Reggae
2016,Agosto,9,A Flor e o Beija-Flor,Henrique & Juliano part. Marília Mendonça,Sertanejo
2016,Agosto,10,Coração Machucado,Wesley Safadão,Forró / Sertanejo
2016,Setembro,1,Homem de Família,Gusttavo Lima,Sertanejo / Bachata
2016,Setembro,2,Medo Bobo,Maiara & Maraisa,Sertanejo
2016,Setembro,3,50 Reais,Naiara Azevedo part. Maiara & Maraisa,Sertanejo
2016,Setembro,4,Sonha Comigo,Zé Neto & Cristiano,Sertanejo
2016,Setembro,5,Malandramente,"Dennis, MCs Nandinho & Nego Bam",Funk
2016,Setembro,6,Infiel,Marília Mendonça,Sertanejo / Sofrência
2016,Setembro,7,A Flor e o Beija-Flor,Henrique & Juliano part. Marília Mendonça,Sertanejo
2016,Setembro,8,"Eu, Você, o Mar e Ela",Luan Santana,Sertanejo / Pop
2016,Setembro,9,O Nosso Santo Bateu,Matheus & Kauan,Sertanejo / Reggae
2016,Setembro,10,Seu Polícia,Zé Neto & Cristiano,Sertanejo
2016,Outubro,1,Eu Sei de Cor,Marília Mendonça,Sertanejo / Sofrência
2016,Outubro,2,Homem de Família,Gusttavo Lima,Sertanejo / Bachata
2016,Outubro,3,"Dia, Lugar e Hora",Luan Santana,Sertanejo / Pop
2016,Outubro,4,Sonha Comigo,Zé Neto & Cristiano,Sertanejo
2016,Outubro,5,Medo Bobo,Maiara & Maraisa,Sertanejo
2016,Outubro,6,50 Reais,Naiara Azevedo part. Maiara & Maraisa,Sertanejo
2016,Outubro,7,A Flor e o Beija-Flor,Henrique & Juliano part. Marília Mendonça,Sertanejo
2016,Outubro,8,Decide Aí,Matheus & Kauan,Sertanejo
2016,Outubro,9,126 Cabides,Simone & Simaria,Sertanejo
2016,Outubro,10,Sim ou Não,Anitta part. Maluma,Pop / Reggaeton
2016,Novembro,1,Eu Sei de Cor,Marília Mendonça,Sertanejo / Sofrência
2016,Novembro,2,Homem de Família,Gusttavo Lima,Sertanejo / Bachata
2016,Novembro,3,"Dia, Lugar e Hora",Luan Santana,Sertanejo / Pop
2016,Novembro,4,Sonha Comigo,Zé Neto & Cristiano,Sertanejo
2016,Novembro,5,50 Reais,Naiara Azevedo part. Maiara & Maraisa,Sertanejo
2016,Novembro,6,Medo Bobo,Maiara & Maraisa,Sertanejo
2016,Novembro,7,Decide Aí,Matheus & Kauan,Sertanejo
2016,Novembro,8,Sim ou Não,Anitta part. Maluma,Pop / Reggaeton
2016,Novembro,9,126 Cabides,Simone & Simaria,Sertanejo
2016,Novembro,10,A Flor e o Beija-Flor,Henrique & Juliano part. Marília Mendonça,Sertanejo
2016,Dezembro,1,Eu Sei de Cor,Marília Mendonça,Sertanejo / Sofrência
2016,Dezembro,2,Homem de Família,Gusttavo Lima,Sertanejo / Bachata
2016,Dezembro,3,"Dia, Lugar e Hora",Luan Santana,Sertanejo / Pop
2016,Dezembro,4,Sonha Comigo,Zé Neto & Cristiano,Sertanejo
2016,Dezembro,5,Medo Bobo,Maiara & Maraisa,Sertanejo
2016,Dezembro,6,50 Reais,Naiara Azevedo part. Maiara & Maraisa,Sertanejo
2016,Dezembro,7,Sim ou Não,Anitta part. Maluma,Pop / Reggaeton
2016,Dezembro,8,Decide Aí,Matheus & Kauan,Sertanejo
2016,Dezembro,9,126 Cabides,Simone & Simaria,Sertanejo
2016,Dezembro,10,Seu Polícia,Zé Neto & Cristiano,Sertanejo
2015,Janeiro,1,Cuida Bem Dela,Henrique & Juliano,Sertanejo
2015,Janeiro,2,Agora (Ahora),Bruno & Marrone,Sertanejo
2015,Janeiro,3,Eu Não Merecia Isso,Luan Santana,Sertanejo
2015,Janeiro,4,Uptown Funk,Mark Ronson ft. Bruno Mars,Funk/Pop Internacional
2015,Janeiro,5,Thinking Out Loud,Ed Sheeran,Pop Internacional
2015,Janeiro,6,Um Degrau na Escada,Leonardo & Eduardo Costa,Sertanejo
2015,Janeiro,7,Nocaute,Jorge & Mateus,Sertanejo
2015,Janeiro,8,Suíte 14,Henrique & Diego ft. MC Guimê,Sertanejo/Funk
2015,Janeiro,9,Vai Vendo,Lucas Lucco,Sertanejo/Arrocha
2015,Janeiro,10,Toca Um João Mineiro e Marciano,Jads & Jadson,Sertanejo
2015,Fevereiro,1,Agora (Ahora),Bruno & Marrone,Sertanejo
2015,Fevereiro,2,Suíte 14,Henrique & Diego ft. MC Guimê,Sertanejo/Funk
2015,Fevereiro,3,Vai Vendo,Lucas Lucco,Sertanejo/Arrocha
2015,Fevereiro,4,Thinking Out Loud,Ed Sheeran,Pop Internacional
2015,Fevereiro,5,Love Me Like You Do,Ellie Goulding,Pop Internacional
2015,Fevereiro,6,Eu Não Merecia Isso,Luan Santana,Sertanejo
2015,Fevereiro,7,Sapequinha,Eduardo Costa,Sertanejo
2015,Fevereiro,8,Mudando de Assunto,Henrique & Juliano,Sertanejo
2015,Fevereiro,9,Poeira da Lua,Marcos & Belutti,Sertanejo
2015,Fevereiro,10,Toca Um João Mineiro e Marciano,Jads & Jadson,Sertanejo
2015,Março,1,Suíte 14,Henrique & Diego ft. MC Guimê,Sertanejo/Funk
2015,Março,2,Agora (Ahora),Bruno & Marrone,Sertanejo
2015,Março,3,Vai Vendo,Lucas Lucco,Sertanejo/Arrocha
2015,Março,4,Love Me Like You Do,Ellie Goulding,Pop Internacional
2015,Março,5,Escreve Aí,Luan Santana,Sertanejo
2015,Março,6,Presto Pouco,João Neto & Frederico,Sertanejo
2015,Março,7,Sapequinha,Eduardo Costa,Sertanejo
2015,Março,8,Mudando de Assunto,Henrique & Juliano,Sertanejo
2015,Março,9,See You Again,Wiz Khalifa ft. Charlie Puth,Hip-Hop/Pop Internacional
2015,Março,10,10 Minutos Longe de Você,Victor & Leo ft. Henrique & Juliano,Sertanejo
2015,Abril,1,Escreve Aí,Luan Santana,Sertanejo
2015,Abril,2,Suíte 14,Henrique & Diego ft. MC Guimê,Sertanejo/Funk
2015,Abril,3,10 Minutos Longe de Você,Victor & Leo ft. Henrique & Juliano,Sertanejo
2015,Abril,4,Mudando de Assunto,Henrique & Juliano,Sertanejo
2015,Abril,5,See You Again,Wiz Khalifa ft. Charlie Puth,Hip-Hop/Pop Internacional
2015,Abril,6,Isso Cê Num Conta,Bruno & Marrone,Sertanejo
2015,Abril,7,Lean On,Major Lazer & DJ Snake ft. MØ,Eletrônica/Pop Internacional
2015,Abril,8,Bem Feito,Thaeme & Thiago,Sertanejo
2015,Abril,9,Os Anjos Cantam,Jorge & Mateus,Sertanejo
2015,Abril,10,Hoje Eu Tô Terrível,Cristiano Araújo,Sertanejo
2015,Maio,1,Escreve Aí,Luan Santana,Sertanejo
2015,Maio,2,Mudando de Assunto,Henrique & Juliano,Sertanejo
2015,Maio,3,10 Minutos Longe de Você,Victor & Leo ft. Henrique & Juliano,Sertanejo
2015,Maio,4,Suíte 14,Henrique & Diego ft. MC Guimê,Sertanejo/Funk
2015,Maio,5,Lean On,Major Lazer & DJ Snake ft. MØ,Eletrônica/Pop Internacional
2015,Maio,6,Isso Cê Num Conta,Bruno & Marrone,Sertanejo
2015,Maio,7,Os Anjos Cantam,Jorge & Mateus,Sertanejo
2015,Maio,8,Bem Feito,Thaeme & Thiago,Sertanejo
2015,Maio,9,Hoje Eu Tô Terrível,Cristiano Araújo,Sertanejo
2015,Maio,10,Quando Deus Quer,Lucas Lucco,Sertanejo
2015,Junho,1,Escreve Aí,Luan Santana,Sertanejo
2015,Junho,2,Mudando de Assunto,Henrique & Juliano,Sertanejo
2015,Junho,3,10 Minutos Longe de Você,Victor & Leo ft. Henrique & Juliano,Sertanejo
2015,Junho,4,"Farra, Pinga e Foguete",Bruno & Barretto,Sertanejo
2015,Junho,5,Lean On,Major Lazer & DJ Snake ft. MØ,Eletrônica/Pop Internacional
2015,Junho,6,Isso Cê Num Conta,Bruno & Marrone,Sertanejo
2015,Junho,7,Hoje Eu Tô Terrível,Cristiano Araújo,Sertanejo
2015,Junho,8,Os Anjos Cantam,Jorge & Mateus,Sertanejo
2015,Junho,9,Bem Feito,Thaeme & Thiago,Sertanejo
2015,Junho,10,Quando Deus Quer,Lucas Lucco,Sertanejo
2015,Julho,1,Escreve Aí,Luan Santana,Sertanejo
2015,Julho,2,"Farra, Pinga e Foguete",Bruno & Barretto,Sertanejo
2015,Julho,3,Mudando de Assunto,Henrique & Juliano,Sertanejo
2015,Julho,4,Aquele 1%,Marcos & Belutti ft. Wesley Safadão,Sertanejo/Forró
2015,Julho,5,Deixa Ele Sofrer,Anitta,Pop/Funk
2015,Julho,6,Sapequinha,Eduardo Costa,Sertanejo
2015,Julho,7,10 Minutos Longe de Você,Victor & Leo ft. Henrique & Juliano,Sertanejo
2015,Julho,8,Lean On,Major Lazer & DJ Snake ft. MØ,Eletrônica/Pop Internacional
2015,Julho,9,Você Mente,Zé Felipe,Sertanejo
2015,Julho,10,Que Sorte a Nossa,Matheus & Kauan,Sertanejo
2015,Agosto,1,Aquele 1%,Marcos & Belutti ft. Wesley Safadão,Sertanejo/Forró
2015,Agosto,2,Escreve Aí,Luan Santana,Sertanejo
2015,Agosto,3,Sapequinha,Eduardo Costa,Sertanejo
2015,Agosto,4,"Farra, Pinga e Foguete",Bruno & Barretto,Sertanejo
2015,Agosto,5,Mudando de Assunto,Henrique & Juliano,Sertanejo
2015,Agosto,6,Que Sorte a Nossa,Matheus & Kauan,Sertanejo
2015,Agosto,7,What Do You Mean?,Justin Bieber,Pop Internacional
2015,Agosto,8,Amiga Linda,João Bosco & Vinícius,Sertanejo
2015,Agosto,9,Você Mente,Zé Felipe,Sertanejo
2015,Agosto,10,Deixa Ele Sofrer,Anitta,Pop/Funk
2015,Setembro,1,Aquele 1%,Marcos & Belutti ft. Wesley Safadão,Sertanejo/Forró
2015,Setembro,2,Escreve Aí,Luan Santana,Sertanejo
2015,Setembro,3,Que Sorte a Nossa,Matheus & Kauan,Sertanejo
2015,Setembro,4,"Farra, Pinga e Foguete",Bruno & Barretto,Sertanejo
2015,Setembro,5,What Do You Mean?,Justin Bieber,Pop Internacional
2015,Setembro,6,Sapequinha,Eduardo Costa,Sertanejo
2015,Setembro,7,Amiga Linda,João Bosco & Vinícius,Sertanejo
2015,Setembro,8,Mudando de Assunto,Henrique & Juliano,Sertanejo
2015,Setembro,9,Você Mente,Zé Felipe,Sertanejo
2015,Setembro,10,Não Quero Mais,Ludmilla ft. Belo,Pagode/Pop
2015,Outubro,1,Chuva de Arroz,Luan Santana,Sertanejo
2015,Outubro,2,Aquele 1%,Marcos & Belutti ft. Wesley Safadão,Sertanejo/Forró
2015,Outubro,3,Que Sorte a Nossa,Matheus & Kauan,Sertanejo
2015,Outubro,4,What Do You Mean?,Justin Bieber,Pop Internacional
2015,Outubro,5,Até Você Voltar,Henrique & Juliano,Sertanejo
2015,Outubro,6,"Farra, Pinga e Foguete",Bruno & Barretto,Sertanejo
2015,Outubro,7,Os Anjos Cantam,Jorge & Mateus,Sertanejo
2015,Outubro,8,Química,Biel,Funk/Pop
2015,Outubro,9,Camarote,Wesley Safadão,Forró
2015,Outubro,10,Bang,Anitta,Pop/Funk
2015,Novembro,1,Chuva de Arroz,Luan Santana,Sertanejo
2015,Novembro,2,Aquele 1%,Marcos & Belutti ft. Wesley Safadão,Sertanejo/Forró
2015,Novembro,3,Que Sorte a Nossa,Matheus & Kauan,Sertanejo
2015,Novembro,4,Hello,Adele,Pop Internacional
2015,Novembro,5,Até Você Voltar,Henrique & Juliano,Sertanejo
2015,Novembro,6,Camarote,Wesley Safadão,Forró
2015,Novembro,7,Bang,Anitta,Pop/Funk
2015,Novembro,8,Química,Biel,Funk/Pop
2015,Novembro,9,Sorry,Justin Bieber,Pop Internacional
2015,Novembro,10,O Que Acontece na Balada,Thaeme & Thiago,Sertanejo
2015,Dezembro,1,Chuva de Arroz,Luan Santana,Sertanejo
2015,Dezembro,2,Aquele 1%,Marcos & Belutti ft. Wesley Safadão,Sertanejo/Forró
2015,Dezembro,3,Hello,Adele,Pop Internacional
2015,Dezembro,4,Que Sorte a Nossa,Matheus & Kauan,Sertanejo
2015,Dezembro,5,Camarote,Wesley Safadão,Forró
2015,Dezembro,6,Sorry,Justin Bieber,Pop Internacional
2015,Dezembro,7,Bang,Anitta,Pop/Funk
2015,Dezembro,8,Na Hora da Raiva,Henrique & Juliano,Sertanejo
2015,Dezembro,9,Química,Biel,Funk/Pop
2015,Dezembro,10,Sosseguei,Jorge & Mateus,Sertanejo
2014,Janeiro,1,Zen,Anitta,Pop
2014,Janeiro,2,Domingo de Manhã,Marcos & Belutti,Sertanejo
2014,Janeiro,3,Mozão,Lucas Lucco,Sertanejo
2014,Janeiro,4,Os 10 Mandamentos do Amor,Eduardo Costa,Sertanejo
2014,Janeiro,5,Fui Fiel,Gusttavo Lima,Sertanejo
2014,Janeiro,6,Cê Topa?,Luan Santana,Sertanejo
2014,Janeiro,7,Flores em Vida,Zezé Di Camargo & Luciano,Sertanejo
2014,Janeiro,8,Logo Eu,Jorge & Mateus,Sertanejo
2014,Janeiro,9,Guerra Fria,Sorriso Maroto part. Jorge & Mateus,Pagode
2014,Janeiro,10,Happy,Pharrell Williams,Pop Internacional
2014,Fevereiro,1,Zen,Anitta,Pop
2014,Fevereiro,2,Mozão,Lucas Lucco,Sertanejo
2014,Fevereiro,3,Domingo de Manhã,Marcos & Belutti,Sertanejo
2014,Fevereiro,4,Cê Topa?,Luan Santana,Sertanejo
2014,Fevereiro,5,Os 10 Mandamentos do Amor,Eduardo Costa,Sertanejo
2014,Fevereiro,6,Fui Fiel,Gusttavo Lima,Sertanejo
2014,Fevereiro,7,"Caraca, Muleke!",Thiaguinho,Pagode
2014,Fevereiro,8,Flores em Vida,Zezé Di Camargo & Luciano,Sertanejo
2014,Fevereiro,9,Maus Bocados,Cristiano Araújo,Sertanejo
2014,Fevereiro,10,O Tempo Não Apaga,Victor & Leo,Sertanejo
2014,Março,1,O Tempo Não Apaga,Victor & Leo,Sertanejo
2014,Março,2,Cê Topa?,Luan Santana,Sertanejo
2014,Março,3,Domingo de Manhã,Marcos & Belutti,Sertanejo
2014,Março,4,Mozão,Lucas Lucco,Sertanejo
2014,Março,5,Os 10 Mandamentos do Amor,Eduardo Costa,Sertanejo
2014,Março,6,"Caraca, Muleke!",Thiaguinho,Pagode
2014,Março,7,Flores em Vida,Zezé Di Camargo & Luciano,Sertanejo
2014,Março,8,Guerra Fria,Sorriso Maroto part. Jorge & Mateus,Pagode
2014,Março,9,Maus Bocados,Cristiano Araújo,Sertanejo
2014,Março,10,Vou Te Amarrar na Minha Cama,Bruno & Marrone,Sertanejo
2014,Abril,1,Cê Topa?,Luan Santana,Sertanejo
2014,Abril,2,Domingo de Manhã,Marcos & Belutti,Sertanejo
2014,Abril,3,O Tempo Não Apaga,Victor & Leo,Sertanejo
2014,Abril,4,Mozão,Lucas Lucco,Sertanejo
2014,Abril,5,Flores em Vida,Zezé Di Camargo & Luciano,Sertanejo
2014,Abril,6,"Caraca, Muleke!",Thiaguinho,Pagode
2014,Abril,7,Calma,Jorge & Mateus,Sertanejo
2014,Abril,8,Vou Te Amarrar na Minha Cama,Bruno & Marrone,Sertanejo
2014,Abril,9,Ressentimento,Jads & Jadson,Sertanejo
2014,Abril,10,Cê Que Sabe,Cristiano Araújo,Sertanejo
2014,Maio,1,Cê Topa?,Luan Santana,Sertanejo
2014,Maio,2,Domingo de Manhã,Marcos & Belutti,Sertanejo
2014,Maio,3,Calma,Jorge & Mateus,Sertanejo
2014,Maio,4,Flores em Vida,Zezé Di Camargo & Luciano,Sertanejo
2014,Maio,5,Vou Te Amarrar na Minha Cama,Bruno & Marrone,Sertanejo
2014,Maio,6,"Caraca, Muleke!",Thiaguinho,Pagode
2014,Maio,7,Cê Que Sabe,Cristiano Araújo,Sertanejo
2014,Maio,8,Até Você Voltar,Henrique & Juliano,Sertanejo
2014,Maio,9,Coração Apertado,Thaeme & Thiago,Sertanejo
2014,Maio,10,Ressentimento,Jads & Jadson,Sertanejo
2014,Junho,1,Cê Topa?,Luan Santana,Sertanejo
2014,Junho,2,Domingo de Manhã,Marcos & Belutti,Sertanejo
2014,Junho,3,Vou Te Amarrar na Minha Cama,Bruno & Marrone,Sertanejo
2014,Junho,4,Calma,Jorge & Mateus,Sertanejo
2014,Junho,5,Até Você Voltar,Henrique & Juliano,Sertanejo
2014,Junho,6,Flores em Vida,Zezé Di Camargo & Luciano,Sertanejo
2014,Junho,7,Cê Que Sabe,Cristiano Araújo,Sertanejo
2014,Junho,8,Coração Apertado,Thaeme & Thiago,Sertanejo
2014,Junho,9,Sorte é Ter Você (Carolinas),João Bosco & Vinícius,Sertanejo
2014,Junho,10,Te Dar um Beijo,Michel Teló part. Prince Royce,Sertanejo
2014,Julho,1,Cê Topa?,Luan Santana,Sertanejo
2014,Julho,2,Domingo de Manhã,Marcos & Belutti,Sertanejo
2014,Julho,3,Calma,Jorge & Mateus,Sertanejo
2014,Julho,4,Até Você Voltar,Henrique & Juliano,Sertanejo
2014,Julho,5,Vou Te Amarrar na Minha Cama,Bruno & Marrone,Sertanejo
2014,Julho,6,Tudo com Você,Victor & Leo,Sertanejo
2014,Julho,7,Coração Apertado,Thaeme & Thiago,Sertanejo
2014,Julho,8,Sorte é Ter Você (Carolinas),João Bosco & Vinícius,Sertanejo
2014,Julho,9,Te Dar um Beijo,Michel Teló part. Prince Royce,Sertanejo
2014,Julho,10,Quem É,Paula Fernandes,Sertanejo
2014,Agosto,1,Tudo com Você,Victor & Leo,Sertanejo
2014,Agosto,2,Domingo de Manhã,Marcos & Belutti,Sertanejo
2014,Agosto,3,Calma,Jorge & Mateus,Sertanejo
2014,Agosto,4,Até Você Voltar,Henrique & Juliano,Sertanejo
2014,Agosto,5,Cê Topa?,Luan Santana,Sertanejo
2014,Agosto,6,Vou Te Amarrar na Minha Cama,Bruno & Marrone,Sertanejo
2014,Agosto,7,Coração Apertado,Thaeme & Thiago,Sertanejo
2014,Agosto,8,Sorte é Ter Você (Carolinas),João Bosco & Vinícius,Sertanejo
2014,Agosto,9,Recaídas,Henrique & Juliano,Sertanejo
2014,Agosto,10,Quem É,Paula Fernandes,Sertanejo
2014,Setembro,1,Tudo com Você,Victor & Leo,Sertanejo
2014,Setembro,2,Até Você Voltar,Henrique & Juliano,Sertanejo
2014,Setembro,3,Domingo de Manhã,Marcos & Belutti,Sertanejo
2014,Setembro,4,Calma,Jorge & Mateus,Sertanejo
2014,Setembro,5,Cê Topa?,Luan Santana,Sertanejo
2014,Setembro,6,Você Me Vira a Cabeça,Bruno & Marrone,Sertanejo
2014,Setembro,7,Ele Não Vai Mudar,João Neto & Frederico,Sertanejo
2014,Setembro,8,Recaídas,Henrique & Juliano,Sertanejo
2014,Setembro,9,Tudo Que Você Quiser,Luan Santana,Sertanejo
2014,Setembro,10,Summer,Calvin Harris,Pop Internacional
2014,Outubro,1,Tudo com Você,Victor & Leo,Sertanejo
2014,Outubro,2,Até Você Voltar,Henrique & Juliano,Sertanejo
2014,Outubro,3,Domingo de Manhã,Marcos & Belutti,Sertanejo
2014,Outubro,4,Calma,Jorge & Mateus,Sertanejo
2014,Outubro,5,Cuida Bem Dela,Henrique & Juliano,Sertanejo
2014,Outubro,6,Você Me Vira a Cabeça,Bruno & Marrone,Sertanejo
2014,Outubro,7,Ele Não Vai Mudar,João Neto & Frederico,Sertanejo
2014,Outubro,8,Tudo Que Você Quiser,Luan Santana,Sertanejo
2014,Outubro,9,Pega Eu e Leva pra Você,Leonardo,Sertanejo
2014,Outubro,10,Meu Mundo e Nada Mais,Daniel,Sertanejo
2014,Novembro,1,Tudo com Você,Victor & Leo,Sertanejo
2014,Novembro,2,Cuida Bem Dela,Henrique & Juliano,Sertanejo
2014,Novembro,3,Domingo de Manhã,Marcos & Belutti,Sertanejo
2014,Novembro,4,Até Você Voltar,Henrique & Juliano,Sertanejo
2014,Novembro,5,Calma,Jorge & Mateus,Sertanejo
2014,Novembro,6,Você Me Vira a Cabeça,Bruno & Marrone,Sertanejo
2014,Novembro,7,Liga Lá em Casa,Leonardo,Sertanejo
2014,Novembro,8,Tudo Que Você Quiser,Luan Santana,Sertanejo
2014,Novembro,9,Meu Mundo e Nada Mais,Daniel,Sertanejo
2014,Novembro,10,Dark Horse,Katy Perry ft. Juicy J,Pop Internacional
2014,Dezembro,1,Cuida Bem Dela,Henrique & Juliano,Sertanejo
2014,Dezembro,2,Domingo de Manhã,Marcos & Belutti,Sertanejo
2014,Dezembro,3,Tudo com Você,Victor & Leo,Sertanejo
2014,Dezembro,4,Até Você Voltar,Henrique & Juliano,Sertanejo
2014,Dezembro,5,Calma,Jorge & Mateus,Sertanejo
2014,Dezembro,6,Tudo Que Você Quiser,Luan Santana,Sertanejo
2014,Dezembro,7,Você Me Vira a Cabeça,Bruno & Marrone,Sertanejo
2014,Dezembro,8,Liga Lá em Casa,Leonardo,Sertanejo
2014,Dezembro,9,Summer,Calvin Harris,Pop Internacional
2014,Dezembro,10,Rude,Magic!,Pop Internacional
2013,Janeiro,1,Sogrão Caprichou,Luan Santana,Sertanejo
2013,Janeiro,2,Amor de Chocolate,Naldo Benny,Pop/Funk
2013,Janeiro,3,Esse Cara Sou Eu,Roberto Carlos,MPB/Romântico
2013,Janeiro,4,Diamonds,Rihanna,Pop/R&B
2013,Janeiro,5,Don't You Worry Child,Swedish House Mafia,Electronic/Dance
2013,Janeiro,6,Vidro Fumê,Bruno & Marrone,Sertanejo
2013,Janeiro,7,Vagalumes,Pollo part. Ivo Mozart,Pop Rap
2013,Janeiro,8,Deserto,Thaeme & Thiago,Sertanejo
2013,Janeiro,9,93 Million Miles,Jason Mraz,Pop/Folk
2013,Janeiro,10,Choro,Leonardo,Sertanejo
2013,Fevereiro,1,Sogrão Caprichou,Luan Santana,Sertanejo
2013,Fevereiro,2,Amor de Chocolate,Naldo Benny,Pop/Funk
2013,Fevereiro,3,Vagalumes,Pollo part. Ivo Mozart,Pop Rap
2013,Fevereiro,4,Don't You Worry Child,Swedish House Mafia,Electronic/Dance
2013,Fevereiro,5,Vidro Fumê,Bruno & Marrone,Sertanejo
2013,Fevereiro,6,Esse Cara Sou Eu,Roberto Carlos,MPB/Romântico
2013,Fevereiro,7,Diamonds,Rihanna,Pop/R&B
2013,Fevereiro,8,Deserto,Thaeme & Thiago,Sertanejo
2013,Fevereiro,9,Choro,Leonardo,Sertanejo
2013,Fevereiro,10,93 Million Miles,Jason Mraz,Pop/Folk
2013,Março,1,Sogrão Caprichou,Luan Santana,Sertanejo
2013,Março,2,Te Esperando,Luan Santana,Sertanejo
2013,Março,3,Vidro Fumê,Bruno & Marrone,Sertanejo
2013,Março,4,Vagalumes,Pollo part. Ivo Mozart,Pop Rap
2013,Março,5,Amor de Chocolate,Naldo Benny,Pop/Funk
2013,Março,6,Deserto,Thaeme & Thiago,Sertanejo
2013,Março,7,Don't You Worry Child,Swedish House Mafia,Electronic/Dance
2013,Março,8,Choro,Leonardo,Sertanejo
2013,Março,9,93 Million Miles,Jason Mraz,Pop/Folk
2013,Março,10,Amiga da Minha Irmã,Michel Teló,Sertanejo
2013,Abril,1,Vidro Fumê,Bruno & Marrone,Sertanejo
2013,Abril,2,Te Esperando,Luan Santana,Sertanejo
2013,Abril,3,Vagalumes,Pollo part. Ivo Mozart,Pop Rap
2013,Abril,4,Amor de Chocolate,Naldo Benny,Pop/Funk
2013,Abril,5,Sogrão Caprichou,Luan Santana,Sertanejo
2013,Abril,6,Show das Poderosas,Anitta,Pop/Funk
2013,Abril,7,Deserto,Thaeme & Thiago,Sertanejo
2013,Abril,8,Don't You Worry Child,Swedish House Mafia,Electronic/Dance
2013,Abril,9,Choro,Leonardo,Sertanejo
2013,Abril,10,Amiga da Minha Irmã,Michel Teló,Sertanejo
2013,Maio,1,Te Esperando,Luan Santana,Sertanejo
2013,Maio,2,Vidro Fumê,Bruno & Marrone,Sertanejo
2013,Maio,3,Show das Poderosas,Anitta,Pop/Funk
2013,Maio,4,Vagalumes,Pollo part. Ivo Mozart,Pop Rap
2013,Maio,5,Amor de Chocolate,Naldo Benny,Pop/Funk
2013,Maio,6,Deserto,Thaeme & Thiago,Sertanejo
2013,Maio,7,Choro,Leonardo,Sertanejo
2013,Maio,8,Amiga da Minha Irmã,Michel Teló,Sertanejo
2013,Maio,9,Conto até 10,George Henrique & Rodrigo part. Jorge & Mateus,Sertanejo
2013,Maio,10,Diz pra mim (Just Give Me A Reason),Gusttavo Lima,Sertanejo/Pop
2013,Junho,1,Te Esperando,Luan Santana,Sertanejo
2013,Junho,2,Show das Poderosas,Anitta,Pop/Funk
2013,Junho,3,Vidro Fumê,Bruno & Marrone,Sertanejo
2013,Junho,4,Vagalumes,Pollo part. Ivo Mozart,Pop Rap
2013,Junho,5,Amor de Chocolate,Naldo Benny,Pop/Funk
2013,Junho,6,Choro,Leonardo,Sertanejo
2013,Junho,7,Deserto,Thaeme & Thiago,Sertanejo
2013,Junho,8,Amiga da Minha Irmã,Michel Teló,Sertanejo
2013,Junho,9,Conto até 10,George Henrique & Rodrigo part. Jorge & Mateus,Sertanejo
2013,Junho,10,Louco Coração,Eduardo Costa,Sertanejo
2013,Julho,1,Te Esperando,Luan Santana,Sertanejo
2013,Julho,2,Show das Poderosas,Anitta,Pop/Funk
2013,Julho,3,Piradinha,Gabriel Valim,Sertanejo
2013,Julho,4,Vidro Fumê,Bruno & Marrone,Sertanejo
2013,Julho,5,Vagalumes,Pollo part. Ivo Mozart,Pop Rap
2013,Julho,6,Um Ser Amor,Paula Fernandes,Sertanejo
2013,Julho,7,Se Joga,Naldo Benny Feat. Fat Joe,Pop/Funk
2013,Julho,8,Clichê,João Neto & Frederico,Sertanejo
2013,Julho,9,Caso Indefinido,Cristiano Araújo,Sertanejo
2013,Julho,10,Anjos (Pra Quem Tem Fé),O Rappa,Rock/Reggae
2013,Agosto,1,Piradinha,Gabriel Valim,Sertanejo
2013,Agosto,2,Te Esperando,Luan Santana,Sertanejo
2013,Agosto,3,Show das Poderosas,Anitta,Pop/Funk
2013,Agosto,4,Um Ser Amor,Paula Fernandes,Sertanejo
2013,Agosto,5,Vagalumes,Pollo part. Ivo Mozart,Pop Rap
2013,Agosto,6,Se Joga,Naldo Benny Feat. Fat Joe,Pop/Funk
2013,Agosto,7,Vidro Fumê,Bruno & Marrone,Sertanejo
2013,Agosto,8,Clichê,João Neto & Frederico,Sertanejo
2013,Agosto,9,Caso Indefinido,Cristiano Araújo,Sertanejo
2013,Agosto,10,Garotas Não Merecem Chorar,Luan Santana,Sertanejo
2013,Setembro,1,Na Linha do Tempo,Victor & Leo,Sertanejo
2013,Setembro,2,Piradinha,Gabriel Valim,Sertanejo
2013,Setembro,3,Garotas Não Merecem Chorar,Luan Santana,Sertanejo
2013,Setembro,4,Show das Poderosas,Anitta,Pop/Funk
2013,Setembro,5,Logo Eu,Jorge & Mateus,Sertanejo
2013,Setembro,6,Um Ser Amor,Paula Fernandes,Sertanejo
2013,Setembro,7,Não Para,Anitta,Pop/Funk
2013,Setembro,8,Caso Indefinido,Cristiano Araújo,Sertanejo
2013,Setembro,9,Se Tudo Fosse Fácil,Michel Teló part. Paula Fernandes,Sertanejo
2013,Setembro,10,Vai e Chora,Sorriso Maroto,Pagode
2013,Outubro,1,Na Linha do Tempo,Victor & Leo,Sertanejo
2013,Outubro,2,Logo Eu,Jorge & Mateus,Sertanejo
2013,Outubro,3,Garotas Não Merecem Chorar,Luan Santana,Sertanejo
2013,Outubro,4,Não Para,Anitta,Pop/Funk
2013,Outubro,5,Piradinha,Gabriel Valim,Sertanejo
2013,Outubro,6,Caso Indefinido,Cristiano Araújo,Sertanejo
2013,Outubro,7,Se Tudo Fosse Fácil,Michel Teló part. Paula Fernandes,Sertanejo
2013,Outubro,8,Um Ser Amor,Paula Fernandes,Sertanejo
2013,Outubro,9,Vai e Chora,Sorriso Maroto,Pagode
2013,Outubro,10,Tantinho,Daniel,Sertanejo
2013,Novembro,1,Na Linha do Tempo,Victor & Leo,Sertanejo
2013,Novembro,2,Logo Eu,Jorge & Mateus,Sertanejo
2013,Novembro,3,Garotas Não Merecem Chorar,Luan Santana,Sertanejo
2013,Novembro,4,Não Para,Anitta,Pop/Funk
2013,Novembro,5,Caso Indefinido,Cristiano Araújo,Sertanejo
2013,Novembro,6,Se Tudo Fosse Fácil,Michel Teló part. Paula Fernandes,Sertanejo
2013,Novembro,7,Vai e Chora,Sorriso Maroto,Pagode
2013,Novembro,8,Tantinho,Daniel,Sertanejo
2013,Novembro,9,Veneno,Fernando & Sorocaba,Sertanejo
2013,Novembro,10,Enamorado,Eduardo Costa,Sertanejo
2013,Dezembro,1,Na Linha do Tempo,Victor & Leo,Sertanejo
2013,Dezembro,2,Logo Eu,Jorge & Mateus,Sertanejo
2013,Dezembro,3,Garotas Não Merecem Chorar,Luan Santana,Sertanejo
2013,Dezembro,4,Não Para,Anitta,Pop/Funk
2013,Dezembro,5,Caso Indefinido,Cristiano Araújo,Sertanejo
2013,Dezembro,6,Se Tudo Fosse Fácil,Michel Teló part. Paula Fernandes,Sertanejo
2013,Dezembro,7,Vai e Chora,Sorriso Maroto,Pagode
2013,Dezembro,8,Tantinho,Daniel,Sertanejo
2013,Dezembro,9,Veneno,Fernando & Sorocaba,Sertanejo
2013,Dezembro,10,Enamorado,Eduardo Costa,Sertanejo
2012,Janeiro,1,Ai Se Eu Te Pego,Michel Teló,Sertanejo
2012,Janeiro,2,60 Segundos,Gusttavo Lima,Sertanejo
2012,Janeiro,3,Você de Mim Não Sai,Luan Santana,Sertanejo
2012,Janeiro,4,Flor,Jorge & Mateus,Sertanejo
2012,Janeiro,5,Eu Sem Você,Paula Fernandes,Sertanejo
2012,Janeiro,6,Sonho de Amor,Zezé Di Camargo & Luciano,Sertanejo
2012,Janeiro,7,"Eu Quero Tchu, Eu Quero Tcha",João Lucas & Marcelo,Sertanejo
2012,Janeiro,8,"Além do Sol, Além do Mar",Leonardo,Sertanejo
2012,Janeiro,9,Já Não Sei Mais Nada,Bruno & Marrone,Sertanejo
2012,Janeiro,10,Long Live,Taylor Swift & Paula Fernandes,Pop/Sertanejo
2012,Fevereiro,1,Someone Like You,Adele,Pop
2012,Fevereiro,2,Ai Se Eu Te Pego,Michel Teló,Sertanejo
2012,Fevereiro,3,60 Segundos,Gusttavo Lima,Sertanejo
2012,Fevereiro,4,Você de Mim Não Sai,Luan Santana,Sertanejo
2012,Fevereiro,5,Eu Sem Você,Paula Fernandes,Sertanejo
2012,Fevereiro,6,Flor,Jorge & Mateus,Sertanejo
2012,Fevereiro,7,"Eu Quero Tchu, Eu Quero Tcha",João Lucas & Marcelo,Sertanejo
2012,Fevereiro,8,Já Não Sei Mais Nada,Bruno & Marrone,Sertanejo
2012,Fevereiro,9,Humilde Residência,Michel Teló,Sertanejo
2012,Fevereiro,10,Long Live,Taylor Swift & Paula Fernandes,Pop/Sertanejo
2012,Março,1,Someone Like You,Adele,Pop
2012,Março,2,Humilde Residência,Michel Teló,Sertanejo
2012,Março,3,Incondicional,Luan Santana,Sertanejo
2012,Março,4,Gatinha Assanhada,Gusttavo Lima,Sertanejo
2012,Março,5,Eu Sem Você,Paula Fernandes,Sertanejo
2012,Março,6,Já Não Sei Mais Nada,Bruno & Marrone,Sertanejo
2012,Março,7,"Eu Quero Tchu, Eu Quero Tcha",João Lucas & Marcelo,Sertanejo
2012,Março,8,Assim Você Mata o Papai,Sorriso Maroto,Pagode
2012,Março,9,Sonho de Amor,Zezé Di Camargo & Luciano,Sertanejo
2012,Março,10,"Além do Sol, Além do Mar",Leonardo,Sertanejo
2012,Abril,1,Humilde Residência,Michel Teló,Sertanejo
2012,Abril,2,Assim Você Mata o Papai,Sorriso Maroto,Pagode
2012,Abril,3,Incondicional,Luan Santana,Sertanejo
2012,Abril,4,Gatinha Assanhada,Gusttavo Lima,Sertanejo
2012,Abril,5,Someone Like You,Adele,Pop
2012,Abril,6,Eu Não Vou Aceitar,Bruno & Marrone,Sertanejo
2012,Abril,7,Eu Sem Você,Paula Fernandes,Sertanejo
2012,Abril,8,Lancinho,Turma do Pagode,Pagode
2012,Abril,9,"Lê, Lê, Lê",João Neto & Frederico,Sertanejo
2012,Abril,10,"Além do Sol, Além do Mar",Leonardo,Sertanejo
2012,Maio,1,Incondicional,Luan Santana,Sertanejo
2012,Maio,2,Humilde Residência,Michel Teló,Sertanejo
2012,Maio,3,Assim Você Mata o Papai,Sorriso Maroto,Pagode
2012,Maio,4,Gatinha Assanhada,Gusttavo Lima,Sertanejo
2012,Maio,5,Eu Não Vou Aceitar,Bruno & Marrone,Sertanejo
2012,Maio,6,Lancinho,Turma do Pagode,Pagode
2012,Maio,7,Eu Sem Você,Paula Fernandes,Sertanejo
2012,Maio,8,Sonho de Amor,Zezé Di Camargo & Luciano,Sertanejo
2012,Maio,9,Sou o Cara pra Você,Thiaguinho,Pagode
2012,Maio,10,Camaro Amarelo,Munhoz & Mariano,Sertanejo
2012,Junho,1,Humilde Residência,Michel Teló,Sertanejo
2012,Junho,2,Camaro Amarelo,Munhoz & Mariano,Sertanejo
2012,Junho,3,Incondicional,Luan Santana,Sertanejo
2012,Junho,4,Assim Você Mata o Papai,Sorriso Maroto,Pagode
2012,Junho,5,Gatinha Assanhada,Gusttavo Lima,Sertanejo
2012,Junho,6,Sou o Cara pra Você,Thiaguinho,Pagode
2012,Junho,7,Eu Não Vou Aceitar,Bruno & Marrone,Sertanejo
2012,Junho,8,Lancinho,Turma do Pagode,Pagode
2012,Junho,9,Te Vivo,Luan Santana,Sertanejo
2012,Junho,10,Eu Sem Você,Paula Fernandes,Sertanejo
2012,Julho,1,Sou o Cara pra Você,Thiaguinho,Pagode
2012,Julho,2,Camaro Amarelo,Munhoz & Mariano,Sertanejo
2012,Julho,3,Te Vivo,Luan Santana,Sertanejo
2012,Julho,4,Humilde Residência,Michel Teló,Sertanejo
2012,Julho,5,Gatinha Assanhada,Gusttavo Lima,Sertanejo
2012,Julho,6,Assim Você Mata o Papai,Sorriso Maroto,Pagode
2012,Julho,7,Já Não Sei Mais Nada,Bruno & Marrone,Sertanejo
2012,Julho,8,Lancinho,Turma do Pagode,Pagode
2012,Julho,9,Incondicional,Luan Santana,Sertanejo
2012,Julho,10,Cuidar Mais de Mim,Paula Fernandes,Sertanejo
2012,Agosto,1,Te Vivo,Luan Santana,Sertanejo
2012,Agosto,2,Camaro Amarelo,Munhoz & Mariano,Sertanejo
2012,Agosto,3,Sou o Cara pra Você,Thiaguinho,Pagode
2012,Agosto,4,Gatinha Assanhada,Gusttavo Lima,Sertanejo
2012,Agosto,5,Humilde Residência,Michel Teló,Sertanejo
2012,Agosto,6,Assim Você Mata o Papai,Sorriso Maroto,Pagode
2012,Agosto,7,Já Não Sei Mais Nada,Bruno & Marrone,Sertanejo
2012,Agosto,8,Amor de Chocolate,Naldo Benny,Funk
2012,Agosto,9,Cuidar Mais de Mim,Paula Fernandes,Sertanejo
2012,Agosto,10,Vem Ni Mim Dodge Ram,Israel Novaes,Sertanejo
2012,Setembro,1,Te Vivo,Luan Santana,Sertanejo
2012,Setembro,2,Camaro Amarelo,Munhoz & Mariano,Sertanejo
2012,Setembro,3,Gatinha Assanhada,Gusttavo Lima,Sertanejo
2012,Setembro,4,Sou o Cara pra Você,Thiaguinho,Pagode
2012,Setembro,5,Assim Você Mata o Papai,Sorriso Maroto,Pagode
2012,Setembro,6,Amor de Chocolate,Naldo Benny,Funk
2012,Setembro,7,Já Não Sei Mais Nada,Bruno & Marrone,Sertanejo
2012,Setembro,8,Gangnam Style,PSY,K-Pop/Pop
2012,Setembro,9,Vem Ni Mim Dodge Ram,Israel Novaes,Sertanejo
2012,Setembro,10,Fiorino,Gabriel Gava,Sertanejo
2012,Outubro,1,Te Vivo,Luan Santana,Sertanejo
2012,Outubro,2,Gatinha Assanhada,Gusttavo Lima,Sertanejo
2012,Outubro,3,Camaro Amarelo,Munhoz & Mariano,Sertanejo
2012,Outubro,4,Gangnam Style,PSY,K-Pop/Pop
2012,Outubro,5,Sou o Cara pra Você,Thiaguinho,Pagode
2012,Outubro,6,Amor de Chocolate,Naldo Benny,Funk
2012,Outubro,7,Fiorino,Gabriel Gava,Sertanejo
2012,Outubro,8,Vem Ni Mim Dodge Ram,Israel Novaes,Sertanejo
2012,Outubro,9,Você Mudou,Cristiano Araújo,Sertanejo
2012,Outubro,10,360 o Arrocha do Poder,Thiago Brava,Sertanejo
2012,Novembro,1,Te Vivo,Luan Santana,Sertanejo
2012,Novembro,2,Esse Cara Sou Eu,Roberto Carlos,Pop/MPB
2012,Novembro,3,Gatinha Assanhada,Gusttavo Lima,Sertanejo
2012,Novembro,4,Gangnam Style,PSY,K-Pop/Pop
2012,Novembro,5,Camaro Amarelo,Munhoz & Mariano,Sertanejo
2012,Novembro,6,Amor de Chocolate,Naldo Benny,Funk
2012,Novembro,7,Sou o Cara pra Você,Thiaguinho,Pagode
2012,Novembro,8,Fiorino,Gabriel Gava,Sertanejo
2012,Novembro,9,Você Mudou,Cristiano Araújo,Sertanejo
2012,Novembro,10,360 o Arrocha do Poder,Thiago Brava,Sertanejo
2012,Dezembro,1,Esse Cara Sou Eu,Roberto Carlos,Pop/MPB
2012,Dezembro,2,Te Vivo,Luan Santana,Sertanejo
2012,Dezembro,3,Gangnam Style,PSY,K-Pop/Pop
2012,Dezembro,4,Gatinha Assanhada,Gusttavo Lima,Sertanejo
2012,Dezembro,5,Camaro Amarelo,Munhoz & Mariano,Sertanejo
2012,Dezembro,6,Amor de Chocolate,Naldo Benny,Funk
2012,Dezembro,7,Sou o Cara pra Você,Thiaguinho,Pagode
2012,Dezembro,8,Fiorino,Gabriel Gava,Sertanejo
2012,Dezembro,9,Você Mudou,Cristiano Araújo,Sertanejo
2012,Dezembro,10,Jeito Carinhoso,Jads & Jadson,Sertanejo
2011,Janeiro,1,Adrenalina,Luan Santana,Sertanejo
2011,Janeiro,2,Pra Você,Paula Fernandes,Sertanejo
2011,Janeiro,3,Água de Oceano,Victor & Léo,Sertanejo
2011,Janeiro,4,Mentes Tão Bem,Zezé di Camargo & Luciano,Sertanejo
2011,Janeiro,5,Não Precisa,Paula Fernandes part. Victor & Léo,Sertanejo
2011,Janeiro,6,Um Beijo,Luan Santana,Sertanejo
2011,Janeiro,7,Balada,Gusttavo Lima,Sertanejo
2011,Janeiro,8,"Ai, Se Eu Te Pego",Michel Teló,Sertanejo
2011,Janeiro,9,Quem é,Eduardo Costa,Sertanejo
2011,Janeiro,10,Viver sem Ti,Exaltasamba part. Mariana Rios,Pagode
2011,Fevereiro,1,Química do Amor,Luan Santana part. Ivete Sangalo,Sertanejo
2011,Fevereiro,2,Pra Você,Paula Fernandes,Sertanejo
2011,Fevereiro,3,Amar Não é Pecado,Luan Santana,Sertanejo
2011,Fevereiro,4,Água de Oceano,Victor & Léo,Sertanejo
2011,Fevereiro,5,Não Precisa,Paula Fernandes part. Victor & Léo,Sertanejo
2011,Fevereiro,6,Mentes Tão Bem,Zezé di Camargo & Luciano,Sertanejo
2011,Fevereiro,7,Um Beijo,Luan Santana,Sertanejo
2011,Fevereiro,8,Balada,Gusttavo Lima,Sertanejo
2011,Fevereiro,9,"Ai, Se Eu Te Pego",Michel Teló,Sertanejo
2011,Fevereiro,10,Quem é,Eduardo Costa,Sertanejo
2011,Março,1,Química do Amor,Luan Santana part. Ivete Sangalo,Sertanejo
2011,Março,2,Pra Você,Paula Fernandes,Sertanejo
2011,Março,3,Amar Não é Pecado,Luan Santana,Sertanejo
2011,Março,4,Água de Oceano,Victor & Léo,Sertanejo
2011,Março,5,Não Precisa,Paula Fernandes part. Victor & Léo,Sertanejo
2011,Março,6,Mentes Tão Bem,Zezé di Camargo & Luciano,Sertanejo
2011,Março,7,Um Beijo,Luan Santana,Sertanejo
2011,Março,8,Balada,Gusttavo Lima,Sertanejo
2011,Março,9,"Ai, Se Eu Te Pego",Michel Teló,Sertanejo
2011,Março,10,Quem é,Eduardo Costa,Sertanejo
2011,Abril,1,Um Beijo,Luan Santana,Sertanejo
2011,Abril,2,Pra Você,Paula Fernandes,Sertanejo
2011,Abril,3,Amar Não é Pecado,Luan Santana,Sertanejo
2011,Abril,4,Água de Oceano,Victor & Léo,Sertanejo
2011,Abril,5,Não Precisa,Paula Fernandes part. Victor & Léo,Sertanejo
2011,Abril,6,Mentes Tão Bem,Zezé di Camargo & Luciano,Sertanejo
2011,Abril,7,Balada,Gusttavo Lima,Sertanejo
2011,Abril,8,"Ai, Se Eu Te Pego",Michel Teló,Sertanejo
2011,Abril,9,Quem é,Eduardo Costa,Sertanejo
2011,Abril,10,Viver sem Ti,Exaltasamba part. Mariana Rios,Pagode
2011,Maio,1,Amar Não é Pecado,Luan Santana,Sertanejo
2011,Maio,2,Pra Você,Paula Fernandes,Sertanejo
2011,Maio,3,Água de Oceano,Victor & Léo,Sertanejo
2011,Maio,4,Não Precisa,Paula Fernandes part. Victor & Léo,Sertanejo
2011,Maio,5,Mentes Tão Bem,Zezé di Camargo & Luciano,Sertanejo
2011,Maio,6,Um Beijo,Luan Santana,Sertanejo
2011,Maio,7,Balada,Gusttavo Lima,Sertanejo
2011,Maio,8,"Ai, Se Eu Te Pego",Michel Teló,Sertanejo
2011,Maio,9,Quem é,Eduardo Costa,Sertanejo
2011,Maio,10,Viver sem Ti,Exaltasamba part. Mariana Rios,Pagode
2011,Junho,1,Amar Não é Pecado,Luan Santana,Sertanejo
2011,Junho,2,Pra Você,Paula Fernandes,Sertanejo
2011,Junho,3,Água de Oceano,Victor & Léo,Sertanejo
2011,Junho,4,Não Precisa,Paula Fernandes part. Victor & Léo,Sertanejo
2011,Junho,5,Mentes Tão Bem,Zezé di Camargo & Luciano,Sertanejo
2011,Junho,6,Um Beijo,Luan Santana,Sertanejo
2011,Junho,7,Balada,Gusttavo Lima,Sertanejo
2011,Junho,8,"Ai, Se Eu Te Pego",Michel Teló,Sertanejo
2011,Junho,9,Quem é,Eduardo Costa,Sertanejo
2011,Junho,10,Viver sem Ti,Exaltasamba part. Mariana Rios,Pagode
2011,Julho,1,Amar Não é Pecado,Luan Santana,Sertanejo
2011,Julho,2,Pra Você,Paula Fernandes,Sertanejo
2011,Julho,3,Água de Oceano,Victor & Léo,Sertanejo
2011,Julho,4,Não Precisa,Paula Fernandes part. Victor & Léo,Sertanejo
2011,Julho,5,Mentes Tão Bem,Zezé di Camargo & Luciano,Sertanejo
2011,Julho,6,Um Beijo,Luan Santana,Sertanejo
2011,Julho,7,Balada,Gusttavo Lima,Sertanejo
2011,Julho,8,"Ai, Se Eu Te Pego",Michel Teló,Sertanejo
2011,Julho,9,Quem é,Eduardo Costa,Sertanejo
2011,Julho,10,As Lembranças Vão na Mala,Luan Santana,Sertanejo
2011,Agosto,1,Talking to the Moon,Bruno Mars,Pop
2011,Agosto,2,Pra Você,Paula Fernandes,Sertanejo
2011,Agosto,3,Amar Não é Pecado,Luan Santana,Sertanejo
2011,Agosto,4,Água de Oceano,Victor & Léo,Sertanejo
2011,Agosto,5,Não Precisa,Paula Fernandes part. Victor & Léo,Sertanejo
2011,Agosto,6,Mentes Tão Bem,Zezé di Camargo & Luciano,Sertanejo
2011,Agosto,7,Um Beijo,Luan Santana,Sertanejo
2011,Agosto,8,Balada,Gusttavo Lima,Sertanejo
2011,Agosto,9,"Ai, Se Eu Te Pego",Michel Teló,Sertanejo
2011,Agosto,10,As Lembranças Vão na Mala,Luan Santana,Sertanejo
2011,Setembro,1,As Lembranças Vão na Mala,Luan Santana,Sertanejo
2011,Setembro,2,Pra Você,Paula Fernandes,Sertanejo
2011,Setembro,3,"Ai, Se Eu Te Pego",Michel Teló,Sertanejo
2011,Setembro,4,Balada,Gusttavo Lima,Sertanejo
2011,Setembro,5,Água de Oceano,Victor & Léo,Sertanejo
2011,Setembro,6,Não Precisa,Paula Fernandes part. Victor & Léo,Sertanejo
2011,Setembro,7,Mentes Tão Bem,Zezé di Camargo & Luciano,Sertanejo
2011,Setembro,8,Quem é,Eduardo Costa,Sertanejo
2011,Setembro,9,Viver sem Ti,Exaltasamba part. Mariana Rios,Pagode
2011,Setembro,10,Abelha,João Bosco & Vinícius part. Jorge & Mateus,Sertanejo
2011,Outubro,1,"Ai, Se Eu Te Pego",Michel Teló,Sertanejo
2011,Outubro,2,Pra Você,Paula Fernandes,Sertanejo
2011,Outubro,3,Balada,Gusttavo Lima,Sertanejo
2011,Outubro,4,Água de Oceano,Victor & Léo,Sertanejo
2011,Outubro,5,Não Precisa,Paula Fernandes part. Victor & Léo,Sertanejo
2011,Outubro,6,Mentes Tão Bem,Zezé di Camargo & Luciano,Sertanejo
2011,Outubro,7,As Lembranças Vão na Mala,Luan Santana,Sertanejo
2011,Outubro,8,Quem é,Eduardo Costa,Sertanejo
2011,Outubro,9,Viver sem Ti,Exaltasamba part. Mariana Rios,Pagode
2011,Outubro,10,Abelha,João Bosco & Vinícius part. Jorge & Mateus,Sertanejo
2011,Novembro,1,"Ai, Se Eu Te Pego",Michel Teló,Sertanejo
2011,Novembro,2,Pra Você,Paula Fernandes,Sertanejo
2011,Novembro,3,Balada,Gusttavo Lima,Sertanejo
2011,Novembro,4,Água de Oceano,Victor & Léo,Sertanejo
2011,Novembro,5,Não Precisa,Paula Fernandes part. Victor & Léo,Sertanejo
2011,Novembro,6,Mentes Tão Bem,Zezé di Camargo & Luciano,Sertanejo
2011,Novembro,7,As Lembranças Vão na Mala,Luan Santana,Sertanejo
2011,Novembro,8,Quem é,Eduardo Costa,Sertanejo
2011,Novembro,9,Viver sem Ti,Exaltasamba part. Mariana Rios,Pagode
2011,Novembro,10,Abelha,João Bosco & Vinícius part. Jorge & Mateus,Sertanejo
2011,Dezembro,1,"Ai, Se Eu Te Pego",Michel Teló,Sertanejo
2011,Dezembro,2,Pra Você,Paula Fernandes,Sertanejo
2011,Dezembro,3,Balada,Gusttavo Lima,Sertanejo
2011,Dezembro,4,Água de Oceano,Victor & Léo,Sertanejo
2011,Dezembro,5,Não Precisa,Paula Fernandes part. Victor & Léo,Sertanejo
2011,Dezembro,6,Mentes Tão Bem,Zezé di Camargo & Luciano,Sertanejo
2011,Dezembro,7,As Lembranças Vão na Mala,Luan Santana,Sertanejo
2011,Dezembro,8,Quem é,Eduardo Costa,Sertanejo
2011,Dezembro,9,Viver sem Ti,Exaltasamba part. Mariana Rios,Pagode
2011,Dezembro,10,Abelha,João Bosco & Vinícius part. Jorge & Mateus,Sertanejo
2010,Janeiro,1,I Want to Know What Love Is,Mariah Carey,Pop
2010,Janeiro,2,Amo Noite e Dia,Jorge & Mateus,Sertanejo
2010,Janeiro,3,Fugidinha,Michel Teló,Sertanejo
2010,Janeiro,4,Madrid,Fernando & Sorocaba,Sertanejo
2010,Janeiro,5,Você Não Sabe o que é Amor,Luan Santana,Sertanejo
2010,Janeiro,6,Tapa na Cara,Zezé di Camargo & Luciano,Sertanejo
2010,Janeiro,7,Tá Se Achando,Guilherme & Santiago,Sertanejo
2010,Janeiro,8,Sem Esse Coração,João Bosco & Vinícius,Sertanejo
2010,Janeiro,9,Famosa (Billionaire),Cláudia Leitte part. Travie McCoy,Pop
2010,Janeiro,10,Ao Vivo e em Cores,Victor & Léo,Sertanejo
2010,Fevereiro,1,Na Base do Beijo,Ivete Sangalo,Axé
2010,Fevereiro,2,Amo Noite e Dia,Jorge & Mateus,Sertanejo
2010,Fevereiro,3,Fugidinha,Michel Teló,Sertanejo
2010,Fevereiro,4,Madrid,Fernando & Sorocaba,Sertanejo
2010,Fevereiro,5,Você Não Sabe o que é Amor,Luan Santana,Sertanejo
2010,Fevereiro,6,Tapa na Cara,Zezé di Camargo & Luciano,Sertanejo
2010,Fevereiro,7,Tá Se Achando,Guilherme & Santiago,Sertanejo
2010,Fevereiro,8,Sem Esse Coração,João Bosco & Vinícius,Sertanejo
2010,Fevereiro,9,Famosa (Billionaire),Cláudia Leitte part. Travie McCoy,Pop
2010,Fevereiro,10,Ao Vivo e em Cores,Victor & Léo,Sertanejo
2010,Março,1,E Daí?,Guilherme & Santiago,Sertanejo
2010,Março,2,Amo Noite e Dia,Jorge & Mateus,Sertanejo
2010,Março,3,Fugidinha,Michel Teló,Sertanejo
2010,Março,4,Madrid,Fernando & Sorocaba,Sertanejo
2010,Março,5,Você Não Sabe o que é Amor,Luan Santana,Sertanejo
2010,Março,6,Tapa na Cara,Zezé di Camargo & Luciano,Sertanejo
2010,Março,7,Tá Se Achando,Guilherme & Santiago,Sertanejo
2010,Março,8,Sem Esse Coração,João Bosco & Vinícius,Sertanejo
2010,Março,9,Famosa (Billionaire),Cláudia Leitte part. Travie McCoy,Pop
2010,Março,10,Ao Vivo e em Cores,Victor & Léo,Sertanejo
2010,Abril,1,Ao Vivo e em Cores,Victor & Léo,Sertanejo
2010,Abril,2,Amo Noite e Dia,Jorge & Mateus,Sertanejo
2010,Abril,3,Fugidinha,Michel Teló,Sertanejo
2010,Abril,4,Madrid,Fernando & Sorocaba,Sertanejo
2010,Abril,5,Você Não Sabe o que é Amor,Luan Santana,Sertanejo
2010,Abril,6,Tapa na Cara,Zezé di Camargo & Luciano,Sertanejo
2010,Abril,7,Tá Se Achando,Guilherme & Santiago,Sertanejo
2010,Abril,8,Sem Esse Coração,João Bosco & Vinícius,Sertanejo
2010,Abril,9,Famosa (Billionaire),Cláudia Leitte part. Travie McCoy,Pop
2010,Abril,10,Só os Loucos Sabem,Charlie Brown Jr.,Rock
2010,Maio,1,Tapa na Cara,Zezé di Camargo & Luciano,Sertanejo
2010,Maio,2,Amo Noite e Dia,Jorge & Mateus,Sertanejo
2010,Maio,3,Fugidinha,Michel Teló,Sertanejo
2010,Maio,4,Madrid,Fernando & Sorocaba,Sertanejo
2010,Maio,5,Você Não Sabe o que é Amor,Luan Santana,Sertanejo
2010,Maio,6,Tá Se Achando,Guilherme & Santiago,Sertanejo
2010,Maio,7,Sem Esse Coração,João Bosco & Vinícius,Sertanejo
2010,Maio,8,Famosa (Billionaire),Cláudia Leitte part. Travie McCoy,Pop
2010,Maio,9,Ao Vivo e em Cores,Victor & Léo,Sertanejo
2010,Maio,10,Só os Loucos Sabem,Charlie Brown Jr.,Rock
2010,Junho,1,Tapa na Cara,Zezé Di Camargo & Luciano,Sertanejo
2010,Junho,2,Amo Noite e Dia,Jorge & Mateus,Sertanejo
2010,Junho,3,Fugidinha,Michel Teló,Sertanejo
2010,Junho,4,Madrid,Fernando & Sorocaba,Sertanejo
2010,Junho,5,Você Não Sabe o que é Amor,Luan Santana,Sertanejo
2010,Junho,6,Tá Se Achando,Guilherme & Santiago,Sertanejo
2010,Junho,7,Sem Esse Coração,João Bosco & Vinícius,Sertanejo
2010,Junho,8,Famosa (Billionaire),Cláudia Leitte part. Travie McCoy,Pop
2010,Junho,9,Ao Vivo e em Cores,Victor & Léo,Sertanejo
2010,Junho,10,Só os Loucos Sabem,Charlie Brown Jr.,Rock
2010,Julho,1,Amo Noite e Dia,Jorge & Mateus,Sertanejo
2010,Julho,2,Fugidinha,Michel Teló,Sertanejo
2010,Julho,3,Madrid,Fernando & Sorocaba,Sertanejo
2010,Julho,4,Você Não Sabe o que é Amor,Luan Santana,Sertanejo
2010,Julho,5,Tapa na Cara,Zezé di Camargo & Luciano,Sertanejo
2010,Julho,6,Tá Se Achando,Guilherme & Santiago,Sertanejo
2010,Julho,7,Sem Esse Coração,João Bosco & Vinícius,Sertanejo
2010,Julho,8,Famosa (Billionaire),Cláudia Leitte part. Travie McCoy,Pop
2010,Julho,9,Ao Vivo e em Cores,Victor & Léo,Sertanejo
2010,Julho,10,Só os Loucos Sabem,Charlie Brown Jr.,Rock
2010,Agosto,1,Amo Noite e Dia,Jorge & Mateus,Sertanejo
2010,Agosto,2,Fugidinha,Michel Teló,Sertanejo
2010,Agosto,3,Madrid,Fernando & Sorocaba,Sertanejo
2010,Agosto,4,Você Não Sabe o que é Amor,Luan Santana,Sertanejo
2010,Agosto,5,Tapa na Cara,Zezé di Camargo & Luciano,Sertanejo
2010,Agosto,6,Tá Se Achando,Guilherme & Santiago,Sertanejo
2010,Agosto,7,Sem Esse Coração,João Bosco & Vinícius,Sertanejo
2010,Agosto,8,Famosa (Billionaire),Cláudia Leitte part. Travie McCoy,Pop
2010,Agosto,9,Ao Vivo e em Cores,Victor & Léo,Sertanejo
2010,Agosto,10,Só os Loucos Sabem,Charlie Brown Jr.,Rock
2010,Setembro,1,Tá Vendo Aquela Lua,Exaltasamba,Pagode
2010,Setembro,2,Amo Noite e Dia,Jorge & Mateus,Sertanejo
2010,Setembro,3,Fugidinha,Michel Teló,Sertanejo
2010,Setembro,4,Madrid,Fernando & Sorocaba,Sertanejo
2010,Setembro,5,Você Não Sabe o que é Amor,Luan Santana,Sertanejo
2010,Setembro,6,Tapa na Cara,Zezé di Camargo & Luciano,Sertanejo
2010,Setembro,7,Tá Se Achando,Guilherme & Santiago,Sertanejo
2010,Setembro,8,Sem Esse Coração,João Bosco & Vinícius,Sertanejo
2010,Setembro,9,Famosa (Billionaire),Cláudia Leitte part. Travie McCoy,Pop
2010,Setembro,10,Ao Vivo e em Cores,Victor & Léo,Sertanejo
2010,Outubro,1,Tá Vendo Aquela Lua,Exaltasamba,Pagode
2010,Outubro,2,Amo Noite e Dia,Jorge & Mateus,Sertanejo
2010,Outubro,3,Fugidinha,Michel Teló,Sertanejo
2010,Outubro,4,Madrid,Fernando & Sorocaba,Sertanejo
2010,Outubro,5,Você Não Sabe o que é Amor,Luan Santana,Sertanejo
2010,Outubro,6,Tapa na Cara,Zezé di Camargo & Luciano,Sertanejo
2010,Outubro,7,Tá Se Achando,Guilherme & Santiago,Sertanejo
2010,Outubro,8,Sem Esse Coração,João Bosco & Vinícius,Sertanejo
2010,Outubro,9,Adrenalina,Luan Santana,Sertanejo
2010,Outubro,10,Ao Vivo e em Cores,Victor & Léo,Sertanejo
2010,Novembro,1,Adrenalina,Luan Santana,Sertanejo
2010,Novembro,2,Amo Noite e Dia,Jorge & Mateus,Sertanejo
2010,Novembro,3,Fugidinha,Michel Teló,Sertanejo
2010,Novembro,4,Madrid,Fernando & Sorocaba,Sertanejo
2010,Novembro,5,Você Não Sabe o que é Amor,Luan Santana,Sertanejo
2010,Novembro,6,Tapa na Cara,Zezé di Camargo & Luciano,Sertanejo
2010,Novembro,7,Tá Se Achando,Guilherme & Santiago,Sertanejo
2010,Novembro,8,Sem Esse Coração,João Bosco & Vinícius,Sertanejo
2010,Novembro,9,Tá Vendo Aquela Lua,Exaltasamba,Pagode
2010,Novembro,10,Ao Vivo e em Cores,Victor & Léo,Sertanejo
2010,Dezembro,1,Adrenalina,Luan Santana,Sertanejo
2010,Dezembro,2,Amo Noite e Dia,Jorge & Mateus,Sertanejo
2010,Dezembro,3,Fugidinha,Michel Teló,Sertanejo
2010,Dezembro,4,Madrid,Fernando & Sorocaba,Sertanejo
2010,Dezembro,5,Você Não Sabe o que é Amor,Luan Santana,Sertanejo
2010,Dezembro,6,Tapa na Cara,Zezé di Camargo & Luciano,Sertanejo
2010,Dezembro,7,Tá Se Achando,Guilherme & Santiago,Sertanejo
2010,Dezembro,8,Sem Esse Coração,João Bosco & Vinícius,Sertanejo
2010,Dezembro,9,Tá Vendo Aquela Lua,Exaltasamba,Pagode
2010,Dezembro,10,Ao Vivo e em Cores,Victor & Léo,Sertanejo
2009,Março,1,"Chora, Me Liga",João Bosco & Vinícius,Sertanejo
2009,Março,2,Halo,Beyoncé,Pop
2009,Março,3,Pássaro de Fogo,Paula Fernandes,Sertanejo
2009,Março,4,Borboletas,Victor & Leo,Sertanejo
2009,Março,5,Você Não Sabe o que é Amor,Luan Santana,Sertanejo
2009,Março,6,Não Tente Me Impedir,Bruno & Marrone,Sertanejo
2009,Março,7,Meteoro,Luan Santana,Sertanejo
2009,Março,8,Agenda,Ornella Di Santis & Belo,Pop/Pagode
2009,Março,9,Deus e Eu no Sertão,Victor & Leo,Sertanejo
2009,Março,10,Sutilmente,Skank,Pop Rock
2009,Abril,1,"Chora, Me Liga",João Bosco & Vinícius,Sertanejo
2009,Abril,2,Halo,Beyoncé,Pop
2009,Abril,3,Pássaro de Fogo,Paula Fernandes,Sertanejo
2009,Abril,4,Borboletas,Victor & Leo,Sertanejo
2009,Abril,5,Você Não Sabe o que é Amor,Luan Santana,Sertanejo
2009,Abril,6,Não Tente Me Impedir,Bruno & Marrone,Sertanejo
2009,Abril,7,Meteoro,Luan Santana,Sertanejo
2009,Abril,8,Agenda,Ornella Di Santis & Belo,Pop/Pagode
2009,Abril,9,Deus e Eu no Sertão,Victor & Leo,Sertanejo
2009,Abril,10,Sutilmente,Skank,Pop Rock
2009,Maio,1,"Chora, Me Liga",João Bosco & Vinícius,Sertanejo
2009,Maio,2,Halo,Beyoncé,Pop
2009,Maio,3,Pássaro de Fogo,Paula Fernandes,Sertanejo
2009,Maio,4,Borboletas,Victor & Leo,Sertanejo
2009,Maio,5,Você Não Sabe o que é Amor,Luan Santana,Sertanejo
2009,Maio,6,Não Tente Me Impedir,Bruno & Marrone,Sertanejo
2009,Maio,7,Meteoro,Luan Santana,Sertanejo
2009,Maio,8,Agenda,Ornella Di Santis & Belo,Pop/Pagode
2009,Maio,9,Deus e Eu no Sertão,Victor & Leo,Sertanejo
2009,Maio,10,Sutilmente,Skank,Pop Rock
2009,Junho,1,"Chora, Me Liga",João Bosco & Vinícius,Sertanejo
2009,Junho,2,Halo,Beyoncé,Pop
2009,Junho,3,Pássaro de Fogo,Paula Fernandes,Sertanejo
2009,Junho,4,Borboletas,Victor & Leo,Sertanejo
2009,Junho,5,Você Não Sabe o que é Amor,Luan Santana,Sertanejo
2009,Junho,6,Não Tente Me Impedir,Bruno & Marrone,Sertanejo
2009,Junho,7,Meteoro,Luan Santana,Sertanejo
2009,Junho,8,Agenda,Ornella Di Santis & Belo,Pop/Pagode
2009,Junho,9,Deus e Eu no Sertão,Victor & Leo,Sertanejo
2009,Junho,10,Sutilmente,Skank,Pop Rock
2009,Julho,1,"Chora, Me Liga",João Bosco & Vinícius,Sertanejo
2009,Julho,2,Halo,Beyoncé,Pop
2009,Julho,3,Pássaro de Fogo,Paula Fernandes,Sertanejo
2009,Julho,4,Borboletas,Victor & Leo,Sertanejo
2009,Julho,5,Você Não Sabe o que é Amor,Luan Santana,Sertanejo
2009,Julho,6,Não Tente Me Impedir,Bruno & Marrone,Sertanejo
2009,Julho,7,Meteoro,Luan Santana,Sertanejo
2009,Julho,8,Agenda,Ornella Di Santis & Belo,Pop/Pagode
2009,Julho,9,Deus e Eu no Sertão,Victor & Leo,Sertanejo
2009,Julho,10,Sutilmente,Skank,Pop Rock
2009,Agosto,1,Halo,Beyoncé,Pop
2009,Agosto,2,"Chora, Me Liga",João Bosco & Vinícius,Sertanejo
2009,Agosto,3,Pássaro de Fogo,Paula Fernandes,Sertanejo
2009,Agosto,4,Borboletas,Victor & Leo,Sertanejo
2009,Agosto,5,Você Não Sabe o que é Amor,Luan Santana,Sertanejo
2009,Agosto,6,Não Tente Me Impedir,Bruno & Marrone,Sertanejo
2009,Agosto,7,Meteoro,Luan Santana,Sertanejo
2009,Agosto,8,Agenda,Ornella Di Santis & Belo,Pop/Pagode
2009,Agosto,9,Deus e Eu no Sertão,Victor & Leo,Sertanejo
2009,Agosto,10,Sutilmente,Skank,Pop Rock
2009,Setembro,1,Halo,Beyoncé,Pop
2009,Setembro,2,"Chora, Me Liga",João Bosco & Vinícius,Sertanejo
2009,Setembro,3,Pássaro de Fogo,Paula Fernandes,Sertanejo
2009,Setembro,4,Borboletas,Victor & Leo,Sertanejo
2009,Setembro,5,Você Não Sabe o que é Amor,Luan Santana,Sertanejo
2009,Setembro,6,Não Tente Me Impedir,Bruno & Marrone,Sertanejo
2009,Setembro,7,Meteoro,Luan Santana,Sertanejo
2009,Setembro,8,Agenda,Ornella Di Santis & Belo,Pop/Pagode
2009,Setembro,9,Deus e Eu no Sertão,Victor & Leo,Sertanejo
2009,Setembro,10,Sutilmente,Skank,Pop Rock
2009,Outubro,1,Halo,Beyoncé,Pop
2009,Outubro,2,"Chora, Me Liga",João Bosco & Vinícius,Sertanejo
2009,Outubro,3,Pássaro de Fogo,Paula Fernandes,Sertanejo
2009,Outubro,4,Borboletas,Victor & Leo,Sertanejo
2009,Outubro,5,Você Não Sabe o que é Amor,Luan Santana,Sertanejo
2009,Outubro,6,Não Tente Me Impedir,Bruno & Marrone,Sertanejo
2009,Outubro,7,Meteoro,Luan Santana,Sertanejo
2009,Outubro,8,Agenda,Ornella Di Santis & Belo,Pop/Pagode
2009,Outubro,9,Deus e Eu no Sertão,Victor & Leo,Sertanejo
2009,Outubro,10,Sutilmente,Skank,Pop Rock
2009,Novembro,1,Halo,Beyoncé,Pop
2009,Novembro,2,I Want to Know What Love Is,Mariah Carey,Pop
2009,Novembro,3,"Chora, Me Liga",João Bosco & Vinícius,Sertanejo
2009,Novembro,4,Pássaro de Fogo,Paula Fernandes,Sertanejo
2009,Novembro,5,Borboletas,Victor & Leo,Sertanejo
2009,Novembro,6,Você Não Sabe o que é Amor,Luan Santana,Sertanejo
2009,Novembro,7,Não Tente Me Impedir,Bruno & Marrone,Sertanejo
2009,Novembro,8,Meteoro,Luan Santana,Sertanejo
2009,Novembro,9,Agenda,Ornella Di Santis & Belo,Pop/Pagode
2009,Novembro,10,Deus e Eu no Sertão,Victor & Leo,Sertanejo
2009,Dezembro,1,I Want to Know What Love Is,Mariah Carey,Pop
2009,Dezembro,2,Halo,Beyoncé,Pop
2009,Dezembro,3,"Chora, Me Liga",João Bosco & Vinícius,Sertanejo
2009,Dezembro,4,Pássaro de Fogo,Paula Fernandes,Sertanejo
2009,Dezembro,5,Borboletas,Victor & Leo,Sertanejo
2009,Dezembro,6,Você Não Sabe o que é Amor,Luan Santana,Sertanejo
2009,Dezembro,7,Não Tente Me Impedir,Bruno & Marrone,Sertanejo
2009,Dezembro,8,Meteoro,Luan Santana,Sertanejo
2009,Dezembro,9,Agenda,Ornella Di Santis & Belo,Pop/Pagode
2009,Dezembro,10,Deus e Eu no Sertão,Victor & Leo,Sertanejo
2008,Janeiro,1,Boa Sorte / Good Luck,Vanessa da Mata part. Ben Harper,MPB / Pop
2008,Janeiro,2,With You,Chris Brown,R&B / Pop
2008,Janeiro,3,Sem Ar,D'Black,R&B / Pop
2008,Janeiro,4,Cedo ou Tarde,NX Zero,Pop Rock
2008,Janeiro,5,Same Mistake,James Blunt,Pop Rock
2008,Janeiro,6,No One,Alicia Keys,R&B / Soul
2008,Janeiro,7,Don't Stop The Music,Rihanna,Pop / Dance
2008,Janeiro,8,Tem Que Ser Você,Victor & Léo,Sertanejo
2008,Janeiro,9,Um Minuto,D'Black part. Negra Li,R&B / Pop
2008,Janeiro,10,Uma Criança Com Seu Olhar,Charlie Brown Jr.,Rock
2008,Fevereiro,1,Sem Ar,D'Black,R&B / Pop
2008,Fevereiro,2,Exttravasa,Cláudia Leitte,Axé
2008,Fevereiro,3,With You,Chris Brown,R&B / Pop
2008,Fevereiro,4,Boa Sorte / Good Luck,Vanessa da Mata part. Ben Harper,MPB / Pop
2008,Fevereiro,5,Cedo ou Tarde,NX Zero,Pop Rock
2008,Fevereiro,6,No One,Alicia Keys,R&B / Soul
2008,Fevereiro,7,Don't Stop The Music,Rihanna,Pop / Dance
2008,Fevereiro,8,Tem Que Ser Você,Victor & Léo,Sertanejo
2008,Fevereiro,9,Um Minuto,D'Black part. Negra Li,R&B / Pop
2008,Fevereiro,10,Coração Bandido,Leonardo,Sertanejo
2008,Março,1,Exttravasa,Cláudia Leitte,Axé
2008,Março,2,Sem Ar,D'Black,R&B / Pop
2008,Março,3,Mina do Condomínio,Seu Jorge,Samba Rock
2008,Março,4,With You,Chris Brown,R&B / Pop
2008,Março,5,Cedo ou Tarde,NX Zero,Pop Rock
2008,Março,6,Coração Bandido,Leonardo,Sertanejo
2008,Março,7,Um Minuto,D'Black part. Negra Li,R&B / Pop
2008,Março,8,Uma Criança Com Seu Olhar,Charlie Brown Jr.,Rock
2008,Março,9,Difícil Não Falar de Amor,Daniel,Sertanejo
2008,Março,10,Ciumenta,César Menotti & Fabiano,Sertanejo
2008,Abril,1,Mina do Condomínio,Seu Jorge,Samba Rock
2008,Abril,2,Exttravasa,Cláudia Leitte,Axé
2008,Abril,3,Sem Ar,D'Black,R&B / Pop
2008,Abril,4,Cedo ou Tarde,NX Zero,Pop Rock
2008,Abril,5,Coração Bandido,Leonardo,Sertanejo
2008,Abril,6,Me Abrace,Wanessa Camargo part. Camila,Pop
2008,Abril,7,Difícil Não Falar de Amor,Daniel,Sertanejo
2008,Abril,8,Ciumenta,César Menotti & Fabiano,Sertanejo
2008,Abril,9,Não Faz Mais Isso Comigo,Bruno & Marrone,Sertanejo
2008,Abril,10,Pode Chorar,Alexandre Pires,Pagode
2008,Maio,1,Tem Que Ser Você,Victor & Léo,Sertanejo
2008,Maio,2,Mina do Condomínio,Seu Jorge,Samba Rock
2008,Maio,3,Pode Chorar,Alexandre Pires,Pagode
2008,Maio,4,Me Abrace,Wanessa Camargo part. Camila,Pop
2008,Maio,5,Exttravasa,Cláudia Leitte,Axé
2008,Maio,6,Sem Ar,D'Black,R&B / Pop
2008,Maio,7,Coração Bandido,Leonardo,Sertanejo
2008,Maio,8,Não Faz Mais Isso Comigo,Bruno & Marrone,Sertanejo
2008,Maio,9,Bala de Prata,Fernando & Sorocaba,Sertanejo
2008,Maio,10,Pra Ver o Sol Brilhar,Belo,Pagode
2008,Junho,1,Tem Que Ser Você,Victor & Léo,Sertanejo
2008,Junho,2,Pode Chorar,Alexandre Pires,Pagode
2008,Junho,3,Me Abrace,Wanessa Camargo part. Camila,Pop
2008,Junho,4,Mina do Condomínio,Seu Jorge,Samba Rock
2008,Junho,5,Bala de Prata,Fernando & Sorocaba,Sertanejo
2008,Junho,6,Pra Ver o Sol Brilhar,Belo,Pagode
2008,Junho,7,A Fila Anda,Leonardo,Sertanejo
2008,Junho,8,Amado,Vanessa da Mata,MPB
2008,Junho,9,Chega,Zezé Di Camargo & Luciano,Sertanejo
2008,Junho,10,"Bye, Bye",Inimigos da HP,Pagode
2008,Julho,1,Tem Que Ser Você,Victor & Léo,Sertanejo
2008,Julho,2,Pode Chorar,Alexandre Pires,Pagode
2008,Julho,3,Bala de Prata,Fernando & Sorocaba,Sertanejo
2008,Julho,4,Me Abrace,Wanessa Camargo part. Camila,Pop
2008,Julho,5,A Fila Anda,Leonardo,Sertanejo
2008,Julho,6,Amado,Vanessa da Mata,MPB
2008,Julho,7,Chega,Zezé Di Camargo & Luciano,Sertanejo
2008,Julho,8,"Bye, Bye",Inimigos da HP,Pagode
2008,Julho,9,Medo de Amar,Jeito Moleque,Pagode
2008,Julho,10,Pássaros,Cláudia Leitte,Axé
2008,Agosto,1,Tem Que Ser Você,Victor & Léo,Sertanejo
2008,Agosto,2,A Fila Anda,Leonardo,Sertanejo
2008,Agosto,3,Amado,Vanessa da Mata,MPB
2008,Agosto,4,Chega,Zezé Di Camargo & Luciano,Sertanejo
2008,Agosto,5,Medo de Amar,Jeito Moleque,Pagode
2008,Agosto,6,Pássaros,Cláudia Leitte,Axé
2008,Agosto,7,Delírios de Amor,Alexandre Pires part. Revelação,Pagode
2008,Agosto,8,Desse Jeito é Ruim Pra Mim,Belo,Pagode
2008,Agosto,9,"Escolhas, Provas e Promessas",CPM 22,Rock
2008,Agosto,10,Naticongo,Natiruts,Reggae
2008,Setembro,1,Amado,Vanessa da Mata,MPB
2008,Setembro,2,Tem Que Ser Você,Victor & Léo,Sertanejo
2008,Setembro,3,A Fila Anda,Leonardo,Sertanejo
2008,Setembro,4,Medo de Amar,Jeito Moleque,Pagode
2008,Setembro,5,Pássaros,Cláudia Leitte,Axé
2008,Setembro,6,Delírios de Amor,Alexandre Pires part. Revelação,Pagode
2008,Setembro,7,Desse Jeito é Ruim Pra Mim,Belo,Pagode
2008,Setembro,8,"Escolhas, Provas e Promessas",CPM 22,Rock
2008,Setembro,9,Algum Dia,Capital Inicial,Rock
2008,Setembro,10,Beleza Pura,Skank,Pop Rock
2008,Outubro,1,Amado,Vanessa da Mata,MPB
2008,Outubro,2,Algum Dia,Capital Inicial,Rock
2008,Outubro,3,Beleza Pura,Skank,Pop Rock
2008,Outubro,4,Monstro Invisível,O Rappa,Rock
2008,Outubro,5,Coisas Que Eu Sei,Danni Carlos,Pop
2008,Outubro,6,Aventureiro,Revelação,Pagode
2008,Outubro,7,Uma Música,Fresno,Pop Rock
2008,Outubro,8,Palavras de Amigo,Rodriguinho & Thiaguinho,Pagode
2008,Outubro,9,Infernizar Você,Dolls,Pop Rock
2008,Outubro,10,Anjo Meu,Exaltasamba,Pagode
2008,Novembro,1,Beleza Pura,Skank,Pop Rock
2008,Novembro,2,Algum Dia,Capital Inicial,Rock
2008,Novembro,3,Monstro Invisível,O Rappa,Rock
2008,Novembro,4,Coisas Que Eu Sei,Danni Carlos,Pop
2008,Novembro,5,Aventureiro,Revelação,Pagode
2008,Novembro,6,Uma Música,Fresno,Pop Rock
2008,Novembro,7,Palavras de Amigo,Rodriguinho & Thiaguinho,Pagode
2008,Novembro,8,Anjo Meu,Exaltasamba,Pagode
2008,Novembro,9,Quase Louco,Daniel,Sertanejo
2008,Novembro,10,Lugares Proibidos,Doce Encontro,Pagode
2008,Dezembro,1,Beleza Pura,Skank,Pop Rock
2008,Dezembro,2,Coisas Que Eu Sei,Danni Carlos,Pop
2008,Dezembro,3,Algum Dia,Capital Inicial,Rock
2008,Dezembro,4,Monstro Invisível,O Rappa,Rock
2008,Dezembro,5,Uma Música,Fresno,Pop Rock
2008,Dezembro,6,Anjo Meu,Exaltasamba,Pagode
2008,Dezembro,7,Quase Louco,Daniel,Sertanejo
2008,Dezembro,8,Ainda Gosto Dela,Skank part. Negra Li,Pop Rock
2008,Dezembro,9,Ficar Por Ficar,Bruno & Marrone,Sertanejo
2008,Dezembro,10,Nuvem de Algodão,Exaltasamba,Pagode
2007,Janeiro,1,Eu Sei,Papas da Língua,Pop Rock
2007,Janeiro,2,Se Quiser,Tânia Mara,Pop
2007,Janeiro,3,Pra Não Morrer de Amor,Bruno & Marrone,Sertanejo
2007,Janeiro,4,Irreplaceable,Beyoncé,R&B / Pop
2007,Janeiro,5,I Wanna Love You,Akon part. Snoop Dogg,R&B / Hip-Hop
2007,Janeiro,6,"Too Little, Too Late",JoJo,Pop
2007,Janeiro,7,Smack That,Akon part. Eminem,R&B / Hip-Hop
2007,Janeiro,8,Fergalicious,Fergie,Pop / Hip-Hop
2007,Janeiro,9,Buttons,Pussycat Dolls part. Snoop Dogg,Pop / R&B
2007,Janeiro,10,My Love,Justin Timberlake part. T.I.,R&B / Pop
2007,Fevereiro,1,Eu Sei,Papas da Língua,Pop Rock
2007,Fevereiro,2,Se Quiser,Tânia Mara,Pop
2007,Fevereiro,3,Pra Não Morrer de Amor,Bruno & Marrone,Sertanejo
2007,Fevereiro,4,Irreplaceable,Beyoncé,R&B / Pop
2007,Fevereiro,5,Don't Matter,Akon,R&B / Pop
2007,Fevereiro,6,Say It Right,Nelly Furtado,Pop
2007,Fevereiro,7,I Wanna Love You,Akon part. Snoop Dogg,R&B / Hip-Hop
2007,Fevereiro,8,"Too Little, Too Late",JoJo,Pop
2007,Fevereiro,9,What Goes Around... Comes Around,Justin Timberlake,Pop
2007,Fevereiro,10,Say Goodbye,Chris Brown,R&B
2007,Março,1,Eu Sei,Papas da Língua,Pop Rock
2007,Março,2,Don't Matter,Akon,R&B / Pop
2007,Março,3,Say It Right,Nelly Furtado,Pop
2007,Março,4,Beautiful Liar,Beyoncé & Shakira,Pop / R&B
2007,Março,5,Girlfriend,Avril Lavigne,Pop Punk
2007,Março,6,What Goes Around... Comes Around,Justin Timberlake,Pop
2007,Março,7,Aqui,Capital Inicial,Rock
2007,Março,8,Não Viva em Vão,Charlie Brown Jr.,Rock
2007,Março,9,Say OK,Vanessa Hudgens,Pop
2007,Março,10,Be Good To Me,Ashley Tisdale,Pop
2007,Abril,1,Eu Sei,Papas da Língua,Pop Rock
2007,Abril,2,Beautiful Liar,Beyoncé & Shakira,Pop / R&B
2007,Abril,3,Girlfriend,Avril Lavigne,Pop Punk
2007,Abril,4,Don't Matter,Akon,R&B / Pop
2007,Abril,5,Say It Right,Nelly Furtado,Pop
2007,Abril,6,Give It To Me,Timbaland part. Nelly Furtado & Justin Timberlake,Pop / Dance
2007,Abril,7,Aqui,Capital Inicial,Rock
2007,Abril,8,Na Sua Estante,Pitty,Rock
2007,Abril,9,What I've Done,Linkin Park,Rock
2007,Abril,10,You Give Me Something,James Morrison,Pop / Soul
2007,Maio,1,Razões e Emoções,NX Zero,Pop Rock
2007,Maio,2,Deixo,Ivete Sangalo,Axé
2007,Maio,3,Lua Cheia / Fica Doida,Papas da Língua,Pop Rock
2007,Maio,4,Beautiful Liar,Beyoncé & Shakira,Pop / R&B
2007,Maio,5,Girlfriend,Avril Lavigne,Pop Punk
2007,Maio,6,Na Sua Estante,Pitty,Rock
2007,Maio,7,Aqui,Capital Inicial,Rock
2007,Maio,8,What I've Done,Linkin Park,Rock
2007,Maio,9,Because Of You,Ne-Yo,R&B
2007,Maio,10,Espirais,Marjorie Estiano,Pop Rock
2007,Junho,1,Deixo,Ivete Sangalo,Axé
2007,Junho,2,Razões e Emoções,NX Zero,Pop Rock
2007,Junho,3,Lua Cheia / Fica Doida,Papas da Língua,Pop Rock
2007,Junho,4,Umbrella,Rihanna part. Jay-Z,Pop / R&B
2007,Junho,5,Last Night,Diddy part. Keyshia Cole,R&B / Hip-Hop
2007,Junho,6,Pulsos,Pitty,Rock
2007,Junho,7,Eu Nunca Disse Adeus,Capital Inicial,Rock
2007,Junho,8,Já Foi,Jota Quest,Pop Rock
2007,Junho,9,Espirais,Marjorie Estiano,Pop Rock
2007,Junho,10,The Sweet Escape,Gwen Stefani part. Akon,Pop
2007,Julho,1,Deixo,Ivete Sangalo,Axé
2007,Julho,2,Razões e Emoções,NX Zero,Pop Rock
2007,Julho,3,Umbrella,Rihanna part. Jay-Z,Pop / R&B
2007,Julho,4,Beautiful Girls,Sean Kingston,Pop / Reggae
2007,Julho,5,Last Night,Diddy part. Keyshia Cole,R&B / Hip-Hop
2007,Julho,6,Livre Pra Voar,Exaltasamba,Pagode
2007,Julho,7,Natiruts Reggae Power,Natiruts,Reggae
2007,Julho,8,Sem Radar,Jeito Moleque,Pagode
2007,Julho,9,Fada,Victor & Léo,Sertanejo
2007,Julho,10,Depois do Amor,Perlla & Belo,Pagode
2007,Agosto,1,Deixo,Ivete Sangalo,Axé
2007,Agosto,2,Beautiful Girls,Sean Kingston,Pop / Reggae
2007,Agosto,3,Umbrella,Rihanna part. Jay-Z,Pop / R&B
2007,Agosto,4,Livre Pra Voar,Exaltasamba,Pagode
2007,Agosto,5,Natiruts Reggae Power,Natiruts,Reggae
2007,Agosto,6,Sem Radar,Jeito Moleque,Pagode
2007,Agosto,7,Fada,Victor & Léo,Sertanejo
2007,Agosto,8,Depois do Amor,Perlla & Belo,Pagode
2007,Agosto,9,Futuro Prometido,Sorriso Maroto,Pagode
2007,Agosto,10,Intriga da Oposição,Belo,Pagode
2007,Setembro,1,Boa Sorte / Good Luck,Vanessa da Mata part. Ben Harper,MPB / Pop
2007,Setembro,2,Big Girls Don't Cry,Fergie,Pop
2007,Setembro,3,Beautiful Girls,Sean Kingston,Pop / Reggae
2007,Setembro,4,Livre Pra Voar,Exaltasamba,Pagode
2007,Setembro,5,Natiruts Reggae Power,Natiruts,Reggae
2007,Setembro,6,Fada,Victor & Léo,Sertanejo
2007,Setembro,7,Futuro Prometido,Sorriso Maroto,Pagode
2007,Setembro,8,Intriga da Oposição,Belo,Pagode
2007,Setembro,9,Não Posso Ter Medo de Amar,Bruno & Marrone,Sertanejo
2007,Setembro,10,Marianne,Bruno & Marrone,Sertanejo
2007,Outubro,1,Boa Sorte / Good Luck,Vanessa da Mata part. Ben Harper,MPB / Pop
2007,Outubro,2,Big Girls Don't Cry,Fergie,Pop
2007,Outubro,3,Beautiful Girls,Sean Kingston,Pop / Reggae
2007,Outubro,4,Natiruts Reggae Power,Natiruts,Reggae
2007,Outubro,5,Fada,Victor & Léo,Sertanejo
2007,Outubro,6,Amigo Apaixonado,Victor & Léo,Sertanejo
2007,Outubro,7,Olha Eu Aí,Zezé Di Camargo & Luciano,Sertanejo
2007,Outubro,8,Idas e Voltas,Leonardo,Sertanejo
2007,Outubro,9,Ratatúia,Zeca Pagodinho,Samba
2007,Outubro,10,Não Precisa Mudar,Ivete Sangalo & Saulo Fernandes,Axé
2007,Novembro,1,Boa Sorte / Good Luck,Vanessa da Mata part. Ben Harper,MPB / Pop
2007,Novembro,2,Big Girls Don't Cry,Fergie,Pop
2007,Novembro,3,Natiruts Reggae Power,Natiruts,Reggae
2007,Novembro,4,Amigo Apaixonado,Victor & Léo,Sertanejo
2007,Novembro,5,Olha Eu Aí,Zezé Di Camargo & Luciano,Sertanejo
2007,Novembro,6,Idas e Voltas,Leonardo,Sertanejo
2007,Novembro,7,Insolação no Coração,Babado Novo,Axé
2007,Novembro,8,É Mágica,Jeito Moleque,Pagode
2007,Novembro,9,Vem Buscar o Que é Teu,Inimigos da HP,Pagode
2007,Novembro,10,Não Tô Pronta Pra Perdoar,Wanessa Camargo,Pop
2007,Dezembro,1,Boa Sorte / Good Luck,Vanessa da Mata part. Ben Harper,MPB / Pop
2007,Dezembro,2,Big Girls Don't Cry,Fergie,Pop
2007,Dezembro,3,Natiruts Reggae Power,Natiruts,Reggae
2007,Dezembro,4,Amigo Apaixonado,Victor & Léo,Sertanejo
2007,Dezembro,5,Olha Eu Aí,Zezé Di Camargo & Luciano,Sertanejo
2007,Dezembro,6,Além de Mim,NX Zero,Pop Rock
2007,Dezembro,7,Baixa Essa Guarda,Revelação,Pagode
2007,Dezembro,8,Nosso Filme,Inimigos da HP,Pagode
2007,Dezembro,9,Leilão,César Menotti & Fabiano,Sertanejo
2007,Dezembro,10,Não Tô Pronta Pra Perdoar,Wanessa Camargo,Pop
2006,Janeiro,1,You're Beautiful,James Blunt,Pop Rock
2006,Janeiro,2,Because Of You,Kelly Clarkson,Pop
2006,Janeiro,3,My Humps,Black Eyed Peas,Hip-Hop / Pop
2006,Janeiro,4,Hung Up,Madonna,Pop / Dance
2006,Janeiro,5,Stickwitu,Pussycat Dolls,R&B / Pop
2006,Janeiro,6,Por Causa de Você,Felipe Dylon,Pop
2006,Janeiro,7,Na Frente do Reto,O Rappa,Rock
2006,Janeiro,8,O Sol,Jota Quest,Pop Rock
2006,Janeiro,9,Nada Vai Me Sufocar,Sandy & Junior,Pop Rock
2006,Janeiro,10,Obsessão,KLB,Pop
2006,Fevereiro,1,You're Beautiful,James Blunt,Pop Rock
2006,Fevereiro,2,Because Of You,Kelly Clarkson,Pop
2006,Fevereiro,3,Check On It,Beyoncé part. Slim Thug,R&B / Hip-Hop
2006,Fevereiro,4,My Humps,Black Eyed Peas,Hip-Hop / Pop
2006,Fevereiro,5,Hung Up,Madonna,Pop / Dance
2006,Fevereiro,6,Stickwitu,Pussycat Dolls,R&B / Pop
2006,Fevereiro,7,Na Frente do Reto,O Rappa,Rock
2006,Fevereiro,8,O Sol,Jota Quest,Pop Rock
2006,Fevereiro,9,Nada Vai Me Sufocar,Sandy & Junior,Pop Rock
2006,Fevereiro,10,Obsessão,KLB,Pop
2006,Março,1,You're Beautiful,James Blunt,Pop Rock
2006,Março,2,Because Of You,Kelly Clarkson,Pop
2006,Março,3,Check On It,Beyoncé part. Slim Thug,R&B / Hip-Hop
2006,Março,4,Quando a Chuva Passar,Ivete Sangalo,Axé
2006,Março,5,Ela Só Pensa em Beijar,MC Leozinho,Funk
2006,Março,6,Me Namora,Edu Ribeiro & Cativeiro,Reggae / Pop
2006,Março,7,Desenho de Deus,Armandinho,Reggae
2006,Março,8,O Sol,Jota Quest,Pop Rock
2006,Março,9,Na Frente do Reto,O Rappa,Rock
2006,Março,10,A Tarde,CPM 22,Rock
2006,Abril,1,Quando a Chuva Passar,Ivete Sangalo,Axé
2006,Abril,2,Ela Só Pensa em Beijar,MC Leozinho,Funk
2006,Abril,3,Me Namora,Edu Ribeiro & Cativeiro,Reggae / Pop
2006,Abril,4,Desenho de Deus,Armandinho,Reggae
2006,Abril,5,You're Beautiful,James Blunt,Pop Rock
2006,Abril,6,Because Of You,Kelly Clarkson,Pop
2006,Abril,7,A Tarde,CPM 22,Rock
2006,Abril,8,Fui eu,Zezé Di Camargo & Luciano,Sertanejo
2006,Abril,9,Deixaria Tudo,Leonardo,Sertanejo
2006,Abril,10,Dormi na Praça,Bruno & Marrone,Sertanejo
2006,Maio,1,Desenho de Deus,Armandinho,Reggae
2006,Maio,2,Quando a Chuva Passar,Ivete Sangalo,Axé
2006,Maio,3,Ela Só Pensa em Beijar,MC Leozinho,Funk
2006,Maio,4,Me Namora,Edu Ribeiro & Cativeiro,Reggae / Pop
2006,Maio,5,Fui eu,Zezé Di Camargo & Luciano,Sertanejo
2006,Maio,6,Deixaria Tudo,Leonardo,Sertanejo
2006,Maio,7,Dormi na Praça,Bruno & Marrone,Sertanejo
2006,Maio,8,Deixa a Vida Me Levar,Zeca Pagodinho,Samba
2006,Maio,9,Abalou,Ivete Sangalo,Axé
2006,Maio,10,Se Quiser,Tânia Mara,Pop
2006,Junho,1,Desenho de Deus,Armandinho,Reggae
2006,Junho,2,Abalou,Ivete Sangalo,Axé
2006,Junho,3,Se Quiser,Tânia Mara,Pop
2006,Junho,4,Hips Don't Lie,Shakira part. Wyclef Jean,Pop Latino
2006,Junho,5,Fui eu,Zezé Di Camargo & Luciano,Sertanejo
2006,Junho,6,Deixaria Tudo,Leonardo,Sertanejo
2006,Junho,7,Dormi na Praça,Bruno & Marrone,Sertanejo
2006,Junho,8,Deixa a Vida Me Levar,Zeca Pagodinho,Samba
2006,Junho,9,A Tarde,CPM 22,Rock
2006,Junho,10,Ela Vai Voltar,Charlie Brown Jr.,Rock
2006,Julho,1,Desenho de Deus,Armandinho,Reggae
2006,Julho,2,Hips Don't Lie,Shakira part. Wyclef Jean,Pop Latino
2006,Julho,3,Abalou,Ivete Sangalo,Axé
2006,Julho,4,Se Quiser,Tânia Mara,Pop
2006,Julho,5,Ela Vai Voltar,Charlie Brown Jr.,Rock
2006,Julho,6,Qual é?,Marcelo D2,Hip-Hop
2006,Julho,7,Memórias,Pitty,Rock
2006,Julho,8,O Sol,Jota Quest,Pop Rock
2006,Julho,9,"Ai, Ai, Ai...",Vanessa da Mata,MPB
2006,Julho,10,Vou Te Levar Comigo,Biquini Cavadão,Pop Rock
2006,Agosto,1,Desenho de Deus,Armandinho,Reggae
2006,Agosto,2,Hips Don't Lie,Shakira part. Wyclef Jean,Pop Latino
2006,Agosto,3,Qual é?,Marcelo D2,Hip-Hop
2006,Agosto,4,"Ai, Ai, Ai...",Vanessa da Mata,MPB
2006,Agosto,5,Memórias,Pitty,Rock
2006,Agosto,6,Vou Te Levar Comigo,Biquini Cavadão,Pop Rock
2006,Agosto,7,A Tarde,CPM 22,Rock
2006,Agosto,8,O Sol,Jota Quest,Pop Rock
2006,Agosto,9,Eu Vou Estar,Capital Inicial,Rock
2006,Agosto,10,Enquanto Houver Sol,Titãs,Rock
2006,Setembro,1,Desenho de Deus,Armandinho,Reggae
2006,Setembro,2,Hips Don't Lie,Shakira part. Wyclef Jean,Pop Latino
2006,Setembro,3,"Ai, Ai, Ai...",Vanessa da Mata,MPB
2006,Setembro,4,Qual é?,Marcelo D2,Hip-Hop
2006,Setembro,5,Memórias,Pitty,Rock
2006,Setembro,6,Eu Vou Estar,Capital Inicial,Rock
2006,Setembro,7,Enquanto Houver Sol,Titãs,Rock
2006,Setembro,8,Eu Sei,Papas da Língua,Pop Rock
2006,Setembro,9,Se Quiser,Tânia Mara,Pop
2006,Setembro,10,Pra Não Morrer de Amor,Bruno & Marrone,Sertanejo
2006,Outubro,1,Eu Sei,Papas da Língua,Pop Rock
2006,Outubro,2,Se Quiser,Tânia Mara,Pop
2006,Outubro,3,Pra Não Morrer de Amor,Bruno & Marrone,Sertanejo
2006,Outubro,4,"Ai, Ai, Ai...",Vanessa da Mata,MPB
2006,Outubro,5,Hips Don't Lie,Shakira part. Wyclef Jean,Pop Latino
2006,Outubro,6,Desenho de Deus,Armandinho,Reggae
2006,Outubro,7,Memórias,Pitty,Rock
2006,Outubro,8,Eu Vou Estar,Capital Inicial,Rock
2006,Outubro,9,Enquanto Houver Sol,Titãs,Rock
2006,Outubro,10,Promiscuous,Nelly Furtado part. Timbaland,Pop / R&B
2006,Novembro,1,Eu Sei,Papas da Língua,Pop Rock
2006,Novembro,2,Se Quiser,Tânia Mara,Pop
2006,Novembro,3,Pra Não Morrer de Amor,Bruno & Marrone,Sertanejo
2006,Novembro,4,Promiscuous,Nelly Furtado part. Timbaland,Pop / R&B
2006,Novembro,5,Irreplaceable,Beyoncé,R&B / Pop
2006,Novembro,6,Smack That,Akon part. Eminem,R&B / Hip-Hop
2006,Novembro,7,My Love,Justin Timberlake part. T.I.,R&B / Pop
2006,Novembro,8,Buttons,Pussycat Dolls part. Snoop Dogg,Pop / R&B
2006,Novembro,9,Fergalicious,Fergie,Pop / Hip-Hop
2006,Novembro,10,"Too Little, Too Late",JoJo,Pop
2006,Dezembro,1,Eu Sei,Papas da Língua,Pop Rock
2006,Dezembro,2,Se Quiser,Tânia Mara,Pop
2006,Dezembro,3,Pra Não Morrer de Amor,Bruno & Marrone,Sertanejo
2006,Dezembro,4,Irreplaceable,Beyoncé,R&B / Pop
2006,Dezembro,5,Smack That,Akon part. Eminem,R&B / Hip-Hop
2006,Dezembro,6,My Love,Justin Timberlake part. T.I.,R&B / Pop
2006,Dezembro,7,"Too Little, Too Late",JoJo,Pop
2006,Dezembro,8,Buttons,Pussycat Dolls part. Snoop Dogg,Pop / R&B
2006,Dezembro,9,Fergalicious,Fergie,Pop / Hip-Hop
2006,Dezembro,10,Boa Sorte / Good Luck,Vanessa da Mata part. Ben Harper,MPB / Pop
2004,Janeiro,,Vou Deixar,Skank,Pop Rock Nacional
2004,Fevereiro,,Você Me Vira a Cabeça,Alcione,Samba
2004,Março,,Vou Deixar,Skank,Pop Rock Nacional
2004,Abril,,Equalize,Pitty,Rock Nacional
2004,Maio,,Flor do Reggae,Ivete Sangalo,Axé
2004,Junho,,Encontros e Despedidas,Maria Rita,MPB
2004,Julho,,O Nosso Amor é Ouro,Zezé di Camargo & Luciano,Sertanejo
2004,Agosto,,This Love,Maroon 5,Pop Internacional
2004,Setembro,,Deixa,Bruno & Marrone,Sertanejo
2004,Outubro,,Você Sempre Será,Marjorie Estiano,Pop Rock Nacional
2004,Novembro,,Sinônimo,Chitãozinho & Xororó ft. Zé Ramalho,Sertanejo/MPB
2004,Dezembro,,Festa no Apê,Latino,Pop Funk
2005,Janeiro,1,Choram as Rosas,Bruno & Marrone,Sertanejo
2005,Janeiro,2,Fui Eu,Zezé Di Camargo & Luciano,Sertanejo
2005,Janeiro,3,Vamos Fugir,Skank,Pop Rock / Reggae
2005,Janeiro,4,Você Sempre Será,Marjorie Estiano,Pop Rock
2005,Janeiro,5,She Will Be Loved,Maroon 5,Pop Rock
2005,Janeiro,6,Numb / Encore,Jay-Z & Linkin Park,Rock / Hip-Hop
2005,Janeiro,7,My Boo,Usher & Alicia Keys,R&B
2005,Janeiro,8,Boulevard Of Broken Dreams,Green Day,Rock
2005,Janeiro,9,Semana Que Vem,Pitty,Rock
2005,Janeiro,10,Mar de Gente,O Rappa,Rock
2005,Fevereiro,1,Choram as Rosas,Bruno & Marrone,Sertanejo
2005,Fevereiro,2,Vamos Fugir,Skank,Pop Rock / Reggae
2005,Fevereiro,3,Fui Eu,Zezé Di Camargo & Luciano,Sertanejo
2005,Fevereiro,4,Você Sempre Será,Marjorie Estiano,Pop Rock
2005,Fevereiro,5,Boulevard Of Broken Dreams,Green Day,Rock
2005,Fevereiro,6,Numb / Encore,Jay-Z & Linkin Park,Rock / Hip-Hop
2005,Fevereiro,7,My Boo,Usher & Alicia Keys,R&B
2005,Fevereiro,8,Semana Que Vem,Pitty,Rock
2005,Fevereiro,9,Somebody Told Me,The Killers,Rock
2005,Fevereiro,10,Irreversível,CPM 22,Rock
2005,Março,1,Choram as Rosas,Bruno & Marrone,Sertanejo
2005,Março,2,Vamos Fugir,Skank,Pop Rock / Reggae
2005,Março,3,Fui Eu,Zezé Di Camargo & Luciano,Sertanejo
2005,Março,4,Você Sempre Será,Marjorie Estiano,Pop Rock
2005,Março,5,Boulevard Of Broken Dreams,Green Day,Rock
2005,Março,6,Um Minuto Para o Fim do Mundo,CPM 22,Rock
2005,Março,7,Somebody Told Me,The Killers,Rock
2005,Março,8,Speed Of Sound,Coldplay,Rock
2005,Março,9,Candy Shop,50 Cent part. Olivia,Hip-Hop
2005,Março,10,Hold You Down,Jennifer Lopez part. Fat Joe,R&B / Hip-Hop
2005,Abril,1,Fui Eu,Zezé Di Camargo & Luciano,Sertanejo
2005,Abril,2,Choram as Rosas,Bruno & Marrone,Sertanejo
2005,Abril,3,Vamos Fugir,Skank,Pop Rock / Reggae
2005,Abril,4,Você Sempre Será,Marjorie Estiano,Pop Rock
2005,Abril,5,Um Minuto Para o Fim do Mundo,CPM 22,Rock
2005,Abril,6,Speed Of Sound,Coldplay,Rock
2005,Abril,7,Candy Shop,50 Cent part. Olivia,Hip-Hop
2005,Abril,8,We Belong Together,Mariah Carey,R&B / Pop
2005,Abril,9,Hey Oh,Tragedie,Pop / R&B
2005,Abril,10,Tâmo Aí na Atividade,Charlie Brown Jr.,Rock
2005,Maio,1,Fui Eu,Zezé Di Camargo & Luciano,Sertanejo
2005,Maio,2,Festa no Apê,Latino,Pop
2005,Maio,3,Quer Casar Comigo?,Bruno & Marrone,Sertanejo
2005,Maio,4,Você Sempre Será,Marjorie Estiano,Pop Rock
2005,Maio,5,We Belong Together,Mariah Carey,R&B / Pop
2005,Maio,6,Lonely,Akon,R&B / Hip-Hop
2005,Maio,7,Incomplete,Backstreet Boys,Pop
2005,Maio,8,Welcome To My Life,Simple Plan,Pop Punk
2005,Maio,9,Eu Quero Sempre Mais,Ira! & Pitty,Rock
2005,Maio,10,Peito Aberto,Kid Abelha,Pop Rock
2005,Junho,1,Festa no Apê,Latino,Pop
2005,Junho,2,Fui Eu,Zezé Di Camargo & Luciano,Sertanejo
2005,Junho,3,Quer Casar Comigo?,Bruno & Marrone,Sertanejo
2005,Junho,4,Lonely,Akon,R&B / Hip-Hop
2005,Junho,5,We Belong Together,Mariah Carey,R&B / Pop
2005,Junho,6,Incomplete,Backstreet Boys,Pop
2005,Junho,7,Eu Quero Sempre Mais,Ira! & Pitty,Rock
2005,Junho,8,Peito Aberto,Kid Abelha,Pop Rock
2005,Junho,9,Don't Lie,Black Eyed Peas,Hip-Hop / Pop
2005,Junho,10,Renata,Tihuana,Rock
2005,Julho,1,Festa no Apê,Latino,Pop
2005,Julho,2,Quer Casar Comigo?,Bruno & Marrone,Sertanejo
2005,Julho,3,Lonely,Akon,R&B / Hip-Hop
2005,Julho,4,Don't Lie,Black Eyed Peas,Hip-Hop / Pop
2005,Julho,5,Fui Eu,Zezé Di Camargo & Luciano,Sertanejo
2005,Julho,6,Os Amantes,Daniel,Sertanejo
2005,Julho,7,É Amor Demais,Edson & Hudson,Sertanejo
2005,Julho,8,Cadê Meu Amor?,Zeca Pagodinho,Samba
2005,Julho,9,Sinônimos,Chitãozinho & Xororó part. Zé Ramalho,Sertanejo
2005,Julho,10,Me Olha nos Olhos,Sorriso Maroto,Pagode
2005,Agosto,1,Festa no Apê,Latino,Pop
2005,Agosto,2,Os Amantes,Daniel,Sertanejo
2005,Agosto,3,É Amor Demais,Edson & Hudson,Sertanejo
2005,Agosto,4,Cadê Meu Amor?,Zeca Pagodinho,Samba
2005,Agosto,5,Inevitável,Bruno & Marrone,Sertanejo
2005,Agosto,6,Me Olha nos Olhos,Sorriso Maroto,Pagode
2005,Agosto,7,Céu da Boca,Ivete Sangalo & Gilberto Gil,Axé
2005,Agosto,8,Já Tentei,Exaltasamba,Pagode
2005,Agosto,9,"Amor, Amor",Wanessa Camargo,Pop
2005,Agosto,10,Renata,Latino,Pop
2005,Setembro,1,Coração,Rapazolla,Axé
2005,Setembro,2,Festa no Apê,Latino,Pop
2005,Setembro,3,Os Amantes,Daniel,Sertanejo
2005,Setembro,4,É Amor Demais,Edson & Hudson,Sertanejo
2005,Setembro,5,Inevitável,Bruno & Marrone,Sertanejo
2005,Setembro,6,Céu da Boca,Ivete Sangalo & Gilberto Gil,Axé
2005,Setembro,7,Já Tentei,Exaltasamba,Pagode
2005,Setembro,8,"Amor, Amor",Wanessa Camargo,Pop
2005,Setembro,9,Sere Nere,Liah & Tiziano Ferro,Pop
2005,Setembro,10,Tira Ela de Mim,Alexandre Pires,Pagode
2005,Outubro,1,Coração,Rapazolla,Axé
2005,Outubro,2,A Volta,Roberto Carlos,MPB / Romântico
2005,Outubro,3,Como Vai Você?,Zezé Di Camargo & Luciano com Antônio Marcos,Sertanejo
2005,Outubro,4,Desatino,Daniel,Sertanejo
2005,Outubro,5,Eu Amo,Zezé Di Camargo & Luciano,Sertanejo
2005,Outubro,6,Magia e Mistério,Guilherme & Santiago,Sertanejo
2005,Outubro,7,Altas Horas,Revelação,Pagode
2005,Outubro,8,A Desconhecida,Leonardo,Sertanejo
2005,Outubro,9,Por Quê?,Swing & Simpatia,Pagode
2005,Outubro,10,A Lua Me Traiu,Banda Calypso,Calypso
2005,Novembro,1,A Volta,Roberto Carlos,MPB / Romântico
2005,Novembro,2,Como Vai Você?,Zezé Di Camargo & Luciano com Antônio Marcos,Sertanejo
2005,Novembro,3,Meu Mel,Leonardo,Sertanejo
2005,Novembro,4,Por que Choras?,Bruno & Marrone com Banda Calypso,Sertanejo / Calypso
2005,Novembro,5,Se,Fábio Jr.,Pop
2005,Novembro,6,Doce Desejo,Babado Novo,Axé
2005,Novembro,7,Pareço um Menino,Leonardo,Sertanejo
2005,Novembro,8,Um Anjo,KLB,Pop
2005,Novembro,9,Sou a Barbie Girl,Kelly Key,Pop
2005,Novembro,10,Ao Sentir o Amor,Alexandre Pires part. Fat Family,Pagode
2005,Dezembro,1,A Volta,Roberto Carlos,MPB / Romântico
2005,Dezembro,2,Como Vai Você?,Zezé Di Camargo & Luciano com Antônio Marcos,Sertanejo
2005,Dezembro,3,Meu Mel,Leonardo,Sertanejo
2005,Dezembro,4,Por que Choras?,Bruno & Marrone com Banda Calypso,Sertanejo / Calypso
2005,Dezembro,5,Se,Fábio Jr.,Pop
2005,Dezembro,6,Doce Desejo,Babado Novo,Axé
2005,Dezembro,7,Pareço um Menino,Leonardo,Sertanejo
2005,Dezembro,8,Um Anjo,KLB,Pop
2005,Dezembro,9,Sou a Barbie Girl,Kelly Key,Pop
2005,Dezembro,10,Ao Sentir o Amor,Alexandre Pires part. Fat Family,Pagode
2003,Janeiro,,Já Sei Namorar,Tribalistas,MPB/Pop Alternativo
2003,Fevereiro,,Amor Maior,Jota Quest,Pop Rock Nacional
2003,Março,,Velha Infância,Tribalistas,MPB/Pop Alternativo
2003,Abril,,Velha Infância,Tribalistas,MPB/Pop Alternativo
2003,Maio,,Tô Nem Aí,Luka,Pop
2003,Junho,,Tô Nem Aí,Luka,Pop
2003,Julho,,Ligação Urbana,Bruno & Marrone,Sertanejo
2003,Agosto,,Mais Uma Vez,Renato Russo,Rock Nacional
2003,Setembro,,Vou Deixar,Skank,Pop Rock Nacional
2003,Outubro,,Sorte Grande (Poeira),Ivete Sangalo,Axé
2003,Novembro,,Enquanto Houver Sol,Titãs,Pop Rock Nacional
2003,Dezembro,,Amor e Sexo,Rita Lee,Rock/MPB
2002,Janeiro,,Festa,Ivete Sangalo,Axé
2002,Fevereiro,,Carla,LS Jack,Pop Rock Nacional
2002,Março,,Epitáfio,Titãs,Rock Nacional
2002,Abril,,Baba,Kelly Key,Pop
2002,Maio,,Love Never Fails,Sandy & Júnior,Pop
2002,Junho,,Deixa a Vida Me Levar,Zeca Pagodinho,Samba
2002,Julho,,Festa,Ivete Sangalo,Axé
2002,Agosto,,Toque de Mágica,Pedro & Thiago,Sertanejo
2002,Setembro,,Distância,Os Travessos,Pagode
2002,Outubro,,Já Sei Namorar,Tribalistas,MPB/Pop Alternativo
2002,Novembro,,Já Sei Namorar,Tribalistas,MPB/Pop Alternativo
2002,Dezembro,,Já Sei Namorar,Tribalistas,MPB/Pop Alternativo
2001,Janeiro,,Love by Grace,Lara Fabian,Pop Internacional
2001,Fevereiro,,A Lua Que Eu Te Dei,Ivete Sangalo,Axé
2001,Março,,It Wasn't Me,Shaggy ft. RikRok,Reggae Pop
2001,Abril,,A Cera (...Me Pirou o Cabeção),O Surto,Rock Nacional
2001,Maio,,Thank You,Dido,Pop Internacional
2001,Junho,,Malandragem (Acústico),Cássia Eller,Rock/MPB
2001,Julho,,O Segundo Sol (Acústico),Cássia Eller,Rock/MPB
2001,Agosto,,Devolva-me,Adriana Calcanhotto,MPB
2001,Setembro,,Balada do Amor Inabalável,Skank,Pop Rock Nacional
2001,Outubro,,A Miragem,Marcus Viana,Trilha Sonora/Instrumental
2001,Novembro,,All for Love,Michael Bolton,Pop Internacional
2001,Dezembro,,Festa,Ivete Sangalo,Axé
2000,Janeiro,,Anna Júlia,Los Hermanos,Rock Alternativo
2000,Fevereiro,,Morango do Nordeste,Karametade,Pagode
2000,Março,,Tô Te Filmando (Sorria),Os Travessos,Pagode
2000,Abril,,Deixaria Tudo,Leonardo,Sertanejo
2000,Maio,,Smooth,Santana ft. Rob Thomas,Rock Internacional
2000,Junho,,A Dor Desse Amor,KLB,Pop Adolescente
2000,Julho,,Como Vai Você,Daniela Mercury,MPB
2000,Agosto,,Spanish Guitar,Toni Braxton,Pop Internacional
2000,Setembro,,Ela Não Está Aqui,KLB,Pop Adolescente
2000,Outubro,,Love by Grace,Lara Fabian,Pop Internacional
2000,Novembro,,Alô,Chitãozinho & Xororó,Sertanejo
2000,Dezembro,,Estou em Suas Mãos,KLB,Pop Adolescente
